INSERT INTO geomap.geo_object(id, name, tech_charact_id, address_id, build_assignment_id, owner_id, cost_evaluation_id,
                              cost_of_ownership_id, compliance_with_legislation_id, budget_revenues_id, coordinates)
VALUES (1, 'Малоэтажный жилой дом', 1, 1, 1, 1, 1, 1, 1, 1,
        'POLYGON((37.86561603688281 55.816806576928116, 37.86630899163151 55.81697222962896, 37.86640336807429 55.81684818839224, 37.865939251130925 55.81673654411961, 37.8660032032347 55.81665226679456, 37.865773436399934 55.81659731395854, 37.86561603688281 55.816806576928116))'
       );
INSERT INTO geomap.geo_object(id, name, tech_charact_id, address_id, build_assignment_id, owner_id, cost_evaluation_id,
                              cost_of_ownership_id, compliance_with_legislation_id, budget_revenues_id,coordinates)
VALUES (2, 'Административное здание', 2, 2, 2, 2, 2, 2, 2, 2,
        'POLYGON((37.86532112578777 55.816477862277424, 37.86558418791779 55.81653997057802, 37.86574845291068 55.8163200005217, 37.86548033387095 55.81625716321875, 37.86532112578777 55.816477862277424))'
       );
INSERT INTO geomap.geo_object(id, name, tech_charact_id, address_id, build_assignment_id, owner_id, cost_evaluation_id,
                              cost_of_ownership_id, compliance_with_legislation_id, budget_revenues_id, coordinates)
VALUES (3, 'Малоэтажный жилой дом', 3, 3, 3, 3, 3, 3, 3, 3,
        'POLYGON((37.866806009865286 55.817102702606775, 37.867499185166025 55.81727624216256, 37.8676594461831 55.817074207133146, 37.86739259307839 55.81700673980262, 37.867333336275294 55.81708205041821, 37.866907956924365 55.81697478370995, 37.866806009865286 55.817102702606775))'
       );
INSERT INTO geomap.geo_object(id, name, tech_charact_id, address_id, build_assignment_id, owner_id, cost_evaluation_id,
                              cost_of_ownership_id, compliance_with_legislation_id, budget_revenues_id, coordinates)
VALUES (4, 'Автосервис', 4, 4, 4, 4, 4, 4, 4, 4,
        'POLYGON((37.86545283077487 55.81613752459654, 37.86562361295708 55.81617723948938, 37.86577411490285 55.81597424304729, 37.86560327983398 55.815934564627526, 37.86545283077487 55.81613752459654))'
       );
INSERT INTO geomap.geo_object(id, name, tech_charact_id, address_id, build_assignment_id, owner_id, cost_evaluation_id,
                              cost_of_ownership_id, compliance_with_legislation_id, budget_revenues_id, coordinates)
VALUES (5, 'Проходная, КПП', 5, 5, 5, 5, 5, 5, 5, 5,
        'POLYGON((37.86677531031421 55.81610366534659, 37.8672145239083 55.81621786552594, 37.86724844478613 55.816177550443854, 37.867681573864814 55.81629030421189, 37.867747189476034 55.81621211015624, 37.86687335932703 55.81598548677911, 37.86677531031421 55.81610366534659))'
       );
INSERT INTO geomap.geo_object(id, name, tech_charact_id, address_id, build_assignment_id, owner_id, cost_evaluation_id,
                              cost_of_ownership_id, compliance_with_legislation_id, budget_revenues_id, coordinates)
VALUES (6, 'Административное здание', 6, 6, 6, 6, 6, 6, 6, 6,
        'POLYGON((37.866451413966445 55.81640274227138, 37.866716888914965 55.81646729505698, 37.8667753386504 55.816392839195174, 37.86726093263593 55.816511192371195, 37.86723142249315 55.8165496155911, 37.86743594675252 55.81659886496419, 37.86761274103898 55.816370366834974, 37.86696686680568 55.8162129658796, 37.86695315086834 55.81623102181439, 37.86664246794919 55.8161550205638, 37.866451413966445 55.81640274227138))'
       );
INSERT INTO geomap.geo_object(id, name, tech_charact_id, address_id, build_assignment_id, owner_id, cost_evaluation_id,
                              cost_of_ownership_id, compliance_with_legislation_id, budget_revenues_id, coordinates)
VALUES (7, 'Административное здание', 7, 7, 7, 7, 7, 7, 7, 7,
        'POLYGON((37.865955798002915 55.816435189468905, 37.86617520264173 55.81648761221629, 37.86644874393164 55.81612716450073, 37.86622905466473 55.81607486293652, 37.865955798002915 55.816435189468905))'
       );
INSERT INTO geomap.geo_object(id, name, tech_charact_id, address_id, build_assignment_id, owner_id, cost_evaluation_id,
                              cost_of_ownership_id, compliance_with_legislation_id, budget_revenues_id, coordinates)
VALUES (8, 'Жилой дом с административными помещениями', 8, 8, 8, 8, 8, 8, 8, 8,
        'POLYGON((37.86761513575294 55.81689252888117, 37.86780231879436 55.81694118427143, 37.86828216599349 55.81635625688355, 37.868095042035804 55.816307379220916, 37.86761513575294 55.81689252888117))'
       );
INSERT INTO geomap.geo_object(id, name, tech_charact_id, address_id, build_assignment_id, owner_id, cost_evaluation_id,
                              cost_of_ownership_id, compliance_with_legislation_id, budget_revenues_id, coordinates)
VALUES (9, 'Детский сад № 2613', 9, 9, 9, 9, 9, 9, 9, 9,
        'POLYGON((37.86793890632333 55.81731100736238, 37.86899843488797 55.81756418246454, 37.86916473375061 55.81734460206053, 37.868969166325684 55.81729801428247, 37.86889279554285 55.81739856534418, 37.868715549348366 55.817355113546085, 37.8687907307839 55.81725578121984, 37.86858698335965 55.817206821163694, 37.86851307561312 55.81730398667446, 37.868303728933284 55.81725416183173, 37.8683866178352 55.81714584748556, 37.868186127201966 55.81709769529499, 37.868062804995844 55.817260273432964, 37.867987393392696 55.81724236322074, 37.86793890632333 55.81731100736238))'
       );
INSERT INTO geomap.geo_object(id, name, tech_charact_id, address_id, build_assignment_id, owner_id, cost_evaluation_id,
                              cost_of_ownership_id, compliance_with_legislation_id, budget_revenues_id, coordinates)
VALUES (10, 'Малоэтажный жилой дом', 10, 10, 10, 10, 10, 10, 10, 10,
        'POLYGON((37.86949655905485 55.81771991717906, 37.869657032247375 55.817759628586685, 37.87001313768451 55.81730706056351, 37.8698514329412 55.81726734803431, 37.86949655905485 55.81771991717906))'
       );
INSERT INTO geomap.geo_object(id, name, tech_charact_id, address_id, build_assignment_id, owner_id, cost_evaluation_id,
                              cost_of_ownership_id, compliance_with_legislation_id, budget_revenues_id, coordinates)
VALUES (11, 'Малоэтажный жилой дом', 11, 11, 11, 11, 11, 11, 11, 11,
        'POLYGON((37.87028357889838 55.81792257871109, 37.87044415141591 55.81796289917824, 37.870800567778076  55.817510021441166, 37.87063894655276 55.81746976777271, 37.87028357889838 55.81792257871109))'
       );
INSERT INTO geomap.geo_object(id, name, tech_charact_id, address_id, build_assignment_id, owner_id, cost_evaluation_id,
                              cost_of_ownership_id, compliance_with_legislation_id, budget_revenues_id, coordinates)
VALUES (12, 'Малоэтажный жилой дом', 12, 12, 12, 12, 12, 12, 12, 12,
        'POLYGON((37.871443825731575 55.818220793717785, 37.87160566340941 55.818260548753955, 37.87196062248515 55.817808040106, 37.871800164555026 55.8177684173981, 37.871443825731575 55.818220793717785))'
       );
INSERT INTO geomap.geo_object(id, name, tech_charact_id, address_id, build_assignment_id, owner_id, cost_evaluation_id,
                              cost_of_ownership_id, compliance_with_legislation_id, budget_revenues_id, coordinates)
VALUES (13, 'Малоэтажный жилой дом', 13, 13, 13, 13, 13, 13, 13, 13,
        'POLYGON((37.87224990454624 55.81843704165519, 37.872411242768095 55.81847683653285, 37.87276813635742 55.81802419107373, 37.872606467236096 55.81798450938717, 37.87224990454624 55.81843704165519))'
       );
INSERT INTO geomap.geo_object(id, name, tech_charact_id, address_id, build_assignment_id, owner_id, cost_evaluation_id,
                              cost_of_ownership_id, compliance_with_legislation_id, budget_revenues_id, coordinates)
VALUES (14, 'Жилой дом', 14, 14, 14, 14, 14, 14, 14, 14,
        'POLYGON((37.87328662678681 55.81878213105438, 37.873476470381775 55.81882959528642, 37.87394322200552 55.81823449405783, 37.873752912541335 55.81818791023031, 37.87328662678681 55.81878213105438))'
       );
INSERT INTO geomap.geo_object(id, name, tech_charact_id, address_id, build_assignment_id, owner_id, cost_evaluation_id,
                              cost_of_ownership_id, compliance_with_legislation_id, budget_revenues_id, coordinates)
VALUES (15, 'Малоэтажный жилой дом', 15, 15, 15, 15, 15, 15, 15, 15,
        'POLYGON((37.86966824049358 55.817003159539325, 37.869829752895356 55.81704312885026, 37.8701851261618 55.81659041389764, 37.8700244995004 55.81655062571269, 37.86966824049358 55.817003159539325))'
       );
INSERT INTO geomap.geo_object(id, name, tech_charact_id, address_id, build_assignment_id, owner_id, cost_evaluation_id,
                              cost_of_ownership_id, compliance_with_legislation_id, budget_revenues_id, coordinates)
VALUES (16, 'Малоэтажный жилой дом', 16, 16, 16, 16, 16, 16, 16, 16,
        'POLYGON((37.87043657973996 55.81722708331168, 37.87059678491934 55.81726683604347, 37.87095389959396 55.81681425946968, 37.87079313020877 55.81677465487326, 37.87043657973996 55.81722708331168))'
       );
INSERT INTO geomap.geo_object(id, name, tech_charact_id, address_id, build_assignment_id, owner_id, cost_evaluation_id,
                              cost_of_ownership_id, compliance_with_legislation_id, budget_revenues_id, coordinates)
VALUES (17, 'Малоэтажный жилой дом', 17, 17, 17, 17, 17, 17, 17, 17,
        'POLYGON((37.87130005217128 55.81742750708369, 37.8714608533802 55.81746741187189, 37.87181738437425 55.817014774201, 37.871655244591324 55.81697503089245, 37.87130005217128 55.81742750708369))'
       );
INSERT INTO geomap.geo_object(id, name, tech_charact_id, address_id, build_assignment_id, owner_id, cost_evaluation_id,
                              cost_of_ownership_id, compliance_with_legislation_id, budget_revenues_id, coordinates)
VALUES (18, 'Малоэтажный жилой дом', 18, 18, 18, 18, 18, 18, 18, 18,
        'POLYGON((37.87219628055888 55.81764908160321, 37.872356501559125  55.81768881322648, 37.87271309988401 55.817236322454875, 37.872552789576304 55.8171958136069, 37.87219628055888 55.81764908160321))'
       );
INSERT INTO geomap.geo_object(id, name, tech_charact_id, address_id, build_assignment_id, owner_id, cost_evaluation_id,
                              cost_of_ownership_id, compliance_with_legislation_id, budget_revenues_id, coordinates)
VALUES (19, 'Средняя общеобразовательная школа №1021 с дошкольным отделением', 19, 19, 19, 19, 19, 19, 19, 19,
        'POLYGON((37.87292690086417 55.817830526359984, 37.87308742325044 55.81787018666509, 37.873444055829026 55.81741784393125, 37.87328393663185 55.8173781139152, 37.87292690086417 55.817830526359984))'
       );
INSERT INTO geomap.geo_object(id, name, tech_charact_id, address_id, build_assignment_id, owner_id, cost_evaluation_id,
                              cost_of_ownership_id, compliance_with_legislation_id, budget_revenues_id, coordinates)
VALUES (20, 'Малоэтажный жилой дом', 20, 20, 20, 20, 20, 20, 20, 20,
        'POLYGON((37.86864390948662 55.81699737847953, 37.86907079799934 55.817097429359535, 37.86914034883273 55.816997415230816, 37.86900539206604 55.81696344521674, 37.869198285078255 55.81672681913983, 37.86930690003871 55.81675219354693, 37.86940340099733 55.81663878574139, 37.868997252261636 55.81654609112559, 37.868917155138234 55.81665521703047, 37.8690458872868 55.81669010870104, 37.86886194223649 55.816931794802315, 37.86873178034327 55.81690537562238, 37.86864390948662 55.81699737847953))'
       );
INSERT INTO geomap.geo_object(id, name, tech_charact_id, address_id, build_assignment_id, owner_id, cost_evaluation_id,
                              cost_of_ownership_id, compliance_with_legislation_id, budget_revenues_id, coordinates)
VALUES (21, 'Хозяйственный корпус', 21, 21, 21, 21, 21, 21, 21, 21,
        'POLYGON((37.86586522834867 55.816119078548695, 37.86604259770246 55.81615911443649, 37.866117328738625 55.81605839660108, 37.865938412759164 55.81601811169543, 37.86586522834867 55.816119078548695))'
       );
INSERT INTO geomap.geo_object(id, name, tech_charact_id, address_id, build_assignment_id, owner_id, cost_evaluation_id,
                              cost_of_ownership_id, compliance_with_legislation_id, budget_revenues_id, coordinates)
VALUES (22, 'Хозяйственный корпус', 22, 22, 22, 22, 22, 22, 22, 22,
        'POLYGON((37.864533298172944 55.81594583165352, 37.86508781746525 55.81608933299731, 37.86516382922045 55.81599680678076, 37.86460968249841 55.81585230177052, 37.864533298172944 55.81594583165352))'
       );
INSERT INTO geomap.geo_object(id, name, tech_charact_id, address_id, build_assignment_id, owner_id, cost_evaluation_id,
                              cost_of_ownership_id, compliance_with_legislation_id, budget_revenues_id, coordinates)
VALUES (23, 'Административное здание', 23, 23, 23, 23, 23, 23, 23, 23,
        'POLYGON((37.86434546387039 55.81618484091723, 37.864954090123916 55.816343685521645, 37.86509295647545 55.816173897498516, 37.86498484370691 55.81614606719532, 37.86496457863214 55.81617070746759, 37.86484265708296 55.81613915060652, 37.86485966161993 55.8161174673036, 37.86472079313231 55.81608122972165, 37.864699208158584 55.816106666384826, 37.86459704142172 55.81608023141527, 37.86461808027639 55.81605560016561, 37.86448047777793 55.81601954253716, 37.8643453492102 55.8161850251083, 37.86434546387039 55.81618484091723))'
       );
INSERT INTO geomap.geo_object(id, name, tech_charact_id, address_id, build_assignment_id, owner_id, cost_evaluation_id,
                              cost_of_ownership_id, compliance_with_legislation_id, budget_revenues_id, coordinates)
VALUES (24, 'Хозяйственный корпус', 24, 24, 24, 24, 24, 24, 24, 24,
        'POLYGON((37.864000412456136 55.816116402312446, 37.86413308028844 55.81614767387964, 37.864220383474674 55.81602919604407, 37.86409040322127 55.81599941810691, 37.864000412456136 55.816116402312446))'
       );

INSERT INTO geomap.geo_object(id, name, tech_charact_id, address_id, build_assignment_id, owner_id, cost_evaluation_id,
                              cost_of_ownership_id, compliance_with_legislation_id, budget_revenues_id, coordinates)
VALUES (25, 'Хозяйственный корпус', 25, 25, 25, 25, 25, 25, 25, 25,
        'POLYGON((37.86318249935212 55.816119748831056, 37.86351370389335 55.816195928455045, 37.86359976576878 55.81608347308634, 37.86326740188511 55.81600521215637, 37.86318249935212 55.816119748831056))'
       );
INSERT INTO geomap.geo_object(id, name, tech_charact_id, address_id, build_assignment_id, owner_id, cost_evaluation_id,
                              cost_of_ownership_id, compliance_with_legislation_id, budget_revenues_id, coordinates)
VALUES (26, 'Хозяйственный корпус', 26, 26, 26, 26, 26, 26, 26, 26,
        'POLYGON((37.86249481827727 55.815942854715104, 37.86281053617293 55.81601861296011, 37.862893264392824 55.815910110917144, 37.86257769543434 55.815834373034505, 37.86249481827727 55.815942854715104))'
       );
INSERT INTO geomap.geo_object(id, name, tech_charact_id, address_id, build_assignment_id, owner_id, cost_evaluation_id,
                              cost_of_ownership_id, compliance_with_legislation_id, budget_revenues_id, coordinates)
VALUES (27, 'Хозяйственный корпус', 27, 27, 27, 27, 27, 27, 27, 27,
        'POLYGON((37.86170580410297 55.815772154691444, 37.86213429975584 55.81588306439639, 37.86220541424282 55.815796787478945, 37.86229118303032 55.81581839827186, 37.86235414334067 55.81573987197859, 37.86174839832779 55.8155858230931, 37.861684070876265 55.81566759293099, 37.861770134664084 55.81568995716236, 37.86170580410297 55.815772154691444))'
       );
INSERT INTO geomap.geo_object(id, name, tech_charact_id, address_id, build_assignment_id, owner_id, cost_evaluation_id,
                              cost_of_ownership_id, compliance_with_legislation_id, budget_revenues_id, coordinates)
VALUES (28, 'Бесплатный общественный туалет', 28, 28, 28, 28, 28, 28, 28, 28,
        'POLYGON((37.86468711702929 55.81651118797393, 37.86489404680887 55.816564080888355, 37.86494147059523 55.81649971047108, 37.864744678758484 55.8164481488331, 37.86468711702929 55.81651118797393))'
       );

INSERT INTO geomap.geo_object(id, name, tech_charact_id, address_id, build_assignment_id, owner_id, cost_evaluation_id,
                              cost_of_ownership_id, compliance_with_legislation_id, budget_revenues_id, coordinates)
VALUES (29, 'Хозяйственный корпус', 29, 29, 29, 29, 29, 29, 29, 29,
        'POLYGON((37.871117523593966 55.817662750354714, 37.87120115415959 55.817683809467184, 37.87124427981661 55.8176256919011, 37.87116151583828 55.81760633489253, 37.871117523593966 55.817662750354714))'
       );

INSERT INTO geomap.geo_object(id, name, tech_charact_id, address_id, build_assignment_id, owner_id, cost_evaluation_id,
                              cost_of_ownership_id, compliance_with_legislation_id, budget_revenues_id, coordinates)
VALUES (1000, 'Жилой дом', 1000, 1000, 1000, 1000, 1000, 1000, 1000, 1000,
        'POLYGON((37.86087173338544 55.817332611374326, 37.8617078754485 55.817542177618776, 37.86179100716677 55.81746114337767, 37.86110696002447 55.817280955664785, 37.8612070167334 55.81715785929546,37.86101913159078 55.817104990976645,37.86087173338544 55.817332611374326))'
       );

INSERT INTO geomap.geo_object(id, name, tech_charact_id, address_id, build_assignment_id, owner_id, cost_evaluation_id,
                              cost_of_ownership_id, compliance_with_legislation_id, budget_revenues_id, coordinates)
VALUES (1001, 'Жилой дом', 1001, 1001, 1001, 1001, 1001, 1001, 1001, 1001,
        'POLYGON((37.86129461676617 55.816833594069664, 37.861437474571716 55.81686034848738, 37.861559578687746 55.81673959568505,  37.862206809522746 55.81689814296098, 37.86229742184031 55.81679341455768, 37.86148191098775 55.816581047763606,37.86129461676617 55.816833594069664))'
       );
INSERT INTO geomap.geo_object(id, name, tech_charact_id, address_id, build_assignment_id, owner_id, cost_evaluation_id,
                              cost_of_ownership_id, compliance_with_legislation_id, budget_revenues_id, coordinates)
VALUES (1002, 'Жилой дом', 1002, 1002, 1002, 1002, 1002, 1002, 1002, 1002,
        'POLYGON(( 37.86339398707352 55.817892499637225, 37.86332422680002 55.81796270135669, 37.86375022567802 55.818068858493575, 37.864131563382244 55.81759018402229, 37.863976967015844 55.817551580985906,37.86364029048329 55.817947260294744,37.86339398707352 55.817892499637225))'
       );
INSERT INTO geomap.geo_object(id, name, tech_charact_id, address_id, build_assignment_id, owner_id, cost_evaluation_id,
                              cost_of_ownership_id, compliance_with_legislation_id, budget_revenues_id, coordinates)
VALUES (1003, 'Жилой дом', 1003, 1003, 1003, 1003, 1003, 1003, 1003, 1003,
        'POLYGON((37.86413879988439 55.81722531288193, 37.86429066084361 55.81726455592363, 37.864579944334565 55.81688654518234,  37.864407532145776 55.816850782930345, 37.86413879988439 55.81722531288193))'
       );
INSERT INTO geomap.geo_object(id, name, tech_charact_id, address_id, build_assignment_id, owner_id, cost_evaluation_id,
                              cost_of_ownership_id, compliance_with_legislation_id, budget_revenues_id, coordinates)
VALUES (1004, 'Жилой дом', 1004, 1004, 1004, 1004, 1004, 1004, 1004, 1004,
        'POLYGON((37.86460571234079  55.8175683463663, 37.864819330731905 55.81761468844226, 37.86502041995311 55.81733369855138, 37.86481594597291 55.817294072934544,37.86460571234079  55.8175683463663))'
       );
INSERT INTO geomap.geo_object(id, name, tech_charact_id, address_id, build_assignment_id, owner_id, cost_evaluation_id,
                              cost_of_ownership_id, compliance_with_legislation_id, budget_revenues_id, coordinates)
VALUES (1005, 'Жилой дом', 1005, 1005, 1005, 1005, 1005, 1005, 1005, 1005,
        'POLYGON((37.86498942995726  55.817098195020606, 37.86569319654143 55.817273350677794, 37.86577962401665 55.817167563692095, 37.8650758574324 55.816992407558416,37.86498942995726  55.817098195020606))'
       );
INSERT INTO geomap.geo_object(id, name, tech_charact_id, address_id, build_assignment_id, owner_id, cost_evaluation_id,
                              cost_of_ownership_id, compliance_with_legislation_id, budget_revenues_id, coordinates)
VALUES (1006, 'Жилой дом', 1006, 1006, 1006, 1006, 1006, 1006, 1006, 1006,
        'POLYGON((37.86600186609866 55.817353124264855, 37.8665482112101 55.817497063177115, 37.86663772538125 55.81738087156634, 37.86610372705147 55.817243869072314,37.86600186609866 55.817353124264855))'
       );
INSERT INTO geomap.geo_object(id, name, tech_charact_id, address_id, build_assignment_id, owner_id, cost_evaluation_id,
                              cost_of_ownership_id, compliance_with_legislation_id, budget_revenues_id, coordinates)
VALUES (1007, 'Жилой дом', 1007, 1007, 1007, 1007, 1007, 1007, 1007, 1007,
        'POLYGON((37.866995782055795 55.81795488942882, 37.86730445161032 55.81755429175146, 37.86697108849128 55.81747451856151, 37.866884661016144 55.81757510212205,37.86701738892438 55.817614988634375,37.866776626671395 55.817899395624465,37.866995782055795 55.81795488942882))'
       );
INSERT INTO geomap.geo_object(id, name, tech_charact_id, address_id, build_assignment_id, owner_id, cost_evaluation_id,
                              cost_of_ownership_id, compliance_with_legislation_id, budget_revenues_id, coordinates)
VALUES (1008, 'Жилой дом', 1008, 1008, 1008, 1008, 1008, 1008, 1008, 1008,
        'POLYGON((37.86214312693332 55.81765145904666, 37.862369663444525 55.817710323541064,  37.862385297989476 55.81770160195143, 37.86263512968017 55.81776773159484,37.86262508787226  55.817786352798265,37.86284833392975 55.81784542415244, 37.862924669677994 55.817751961900115, 37.86269854302685 55.817691676605506,37.862707184809864 55.81767468341826, 37.862471696226834 55.81761035199935,37.86245585295865 55.8176245130127,37.862216043485034 55.8175650367223,37.86214312693332 55.81765145904666 ))'
       );
INSERT INTO geomap.geo_object(id, name, tech_charact_id, address_id, build_assignment_id, owner_id, cost_evaluation_id,
                              cost_of_ownership_id, compliance_with_legislation_id, budget_revenues_id, coordinates)
VALUES (1009, 'Жилой дом', 1009, 1009, 1009, 1009, 1009, 1009, 1009, 1009,
        'POLYGON((37.8663630094652 55.81870578217391, 37.866717979452716 55.81829131890805, 37.86650808415618 55.81824276225339, 37.86625806181641 55.8185306329641,37.86612842060319 55.818504620638095,37.86602964634628 55.818613872290825,37.8663630094652 55.81870578217391))'
       );
INSERT INTO geomap.geo_object(id, name, tech_charact_id, address_id, build_assignment_id, owner_id, cost_evaluation_id,
                              cost_of_ownership_id, compliance_with_legislation_id, budget_revenues_id, coordinates)
VALUES (1010, 'Жилой дом', 1010, 1010, 1010, 1010, 1010, 1010, 1010, 1010,
        'POLYGON((37.86480422821407 55.81829652140331,  37.86563146262063 55.81849074739037, 37.86573332357344 55.81839710283907, 37.86488756899428 55.81819940804604, 37.86480422821407 55.81829652140331))'
       );
INSERT INTO geomap.geo_object(id, name, tech_charact_id, address_id, build_assignment_id, owner_id, cost_evaluation_id,
                              cost_of_ownership_id, compliance_with_legislation_id, budget_revenues_id, coordinates)
VALUES (1011, 'Жилой дом', 1011, 1011, 1011, 1011, 1011, 1011, 1011, 1011,
        'POLYGON((37.86456080959496 55.81823446342284, 37.864637255481824 55.81812977045908, 37.864500440684395 55.818088016330336, 37.86473033936224 55.81780971691225, 37.86453968595802 55.81775859424536,37.86422368692652 55.818152035608676,37.86456080959496 55.81823446342284))'
       );
INSERT INTO geomap.geo_object(id, name, tech_charact_id, address_id, build_assignment_id, owner_id, cost_evaluation_id,
                              cost_of_ownership_id, compliance_with_legislation_id, budget_revenues_id, coordinates)
VALUES (1012, 'Детский сад № 2418', 1012, 1012, 1012, 1012, 1012, 1012, 1012, 1012,
        'POLYGON((37.86761831504984 55.81786753968359, 37.86827273891413 55.818031577600436, 37.86836838547973 55.817926932802436, 37.867693825495536 55.817751581428695, 37.86761831504984 55.81786753968359))'
       );
INSERT INTO geomap.geo_object(id, name, tech_charact_id, address_id, build_assignment_id, owner_id, cost_evaluation_id,
                              cost_of_ownership_id, compliance_with_legislation_id, budget_revenues_id, coordinates)
VALUES (1013, 'Жилой дом', 1013, 1013, 1013, 1013, 1013, 1013, 1013, 1013,
        'POLYGON(( 37.86815649648028 55.81894007258518, 37.86832261946114 55.81896269792233, 37.86864983139412 55.8185186732787, 37.868523980649655 55.81849321948317, 37.86815649648028 55.81894007258518))'
       );
INSERT INTO geomap.geo_object(id, name, tech_charact_id, address_id, build_assignment_id, owner_id, cost_evaluation_id,
                              cost_of_ownership_id, compliance_with_legislation_id, budget_revenues_id,coordinates)
VALUES (1014, 'Жилой дом', 1014, 1014, 1014, 1014, 1014, 1014, 1014, 1014,
        'POLYGON(( 37.86818151234692 55.8191578854927, 37.86896682098438 55.819344543084526, 37.86906352047362 55.81926939274615, 37.868273177805776 55.819060109526475, 37.86818151234692 55.8191578854927))'
       );
INSERT INTO geomap.geo_object(id, name, tech_charact_id, address_id, build_assignment_id, owner_id, cost_evaluation_id,
                              cost_of_ownership_id, compliance_with_legislation_id, budget_revenues_id, coordinates)
VALUES (1015, 'Жилой дом', 1015, 1015, 1015, 1015, 1015, 1015, 1015, 1015,
        'POLYGON(( 37.8694337700598 55.819300525480344, 37.870259667819624 55.81951100807524, 37.87031969547655 55.81941914012137, 37.869516566828764 55.81921679728066, 37.8694337700598 55.819300525480344))'
       );
INSERT INTO geomap.geo_object(id, name, tech_charact_id, address_id, build_assignment_id, owner_id, cost_evaluation_id,
                              cost_of_ownership_id, compliance_with_legislation_id, budget_revenues_id, coordinates)
VALUES (1016, 'Щитовая', 1016, 1016, 1016, 1016, 1016, 1016, 1016, 1016,
        'POLYGON(( 37.870013347422855 55.81905631773333, 37.87021205966673 55.81910864809487, 37.87028657675782 55.81901212759536,  37.87008579459521  55.8189656116061,37.870013347422855 55.81905631773333))'
       );
INSERT INTO geomap.geo_object(id, name, tech_charact_id, address_id, build_assignment_id, owner_id, cost_evaluation_id,
                              cost_of_ownership_id, compliance_with_legislation_id, budget_revenues_id, coordinates)
VALUES (1017, 'Жилой дом', 1017, 1017, 1017, 1017, 1017, 1017, 1017, 1017,
        'POLYGON((37.870443367626194 55.81974415865116, 37.87124028651763 55.819941847264886, 37.871300314174505 55.81986509768683, 37.870507535122016 55.819659268526266,37.870443367626194 55.81974415865116))'
       );
INSERT INTO geomap.geo_object(id, name, tech_charact_id, address_id, build_assignment_id, owner_id, cost_evaluation_id,
                              cost_of_ownership_id, compliance_with_legislation_id, budget_revenues_id, coordinates)
VALUES (1018, 'Жилой дом', 1018, 1018, 1018, 1018, 1018, 1018, 1018, 1018,
        'POLYGON((37.871598382538934 55.81981974559275, 37.871991667186336 55.81934994129949, 37.87184263300415 55.81931272883563,37.87144934835678 55.81977555632139,37.871598382538934 55.81981974559275))'
       );
INSERT INTO geomap.geo_object(id, name, tech_charact_id, address_id, build_assignment_id, owner_id, cost_evaluation_id,
                              cost_of_ownership_id, compliance_with_legislation_id, budget_revenues_id, coordinates)
VALUES (1019, 'Жилой дом', 1019, 1019, 1019, 1019, 1019, 1019, 1019, 1019,
        'POLYGON(( 37.869000154918524 55.81845048471135, 37.86933956181602 55.81799977312082,  37.86922340074227 55.81796450699426, 37.86886204948223 55.818413212438344,37.869000154918524 55.81845048471135))'
       );
INSERT INTO geomap.geo_object(id, name, tech_charact_id, address_id, build_assignment_id, owner_id, cost_evaluation_id,
                              cost_of_ownership_id, compliance_with_legislation_id, budget_revenues_id, coordinates)
VALUES (1020, 'Щитовая', 1020, 1020, 1020, 1020, 1020, 1020, 1020, 1020,
        'POLYGON(( 37.86937696011245 55.818509905772885, 37.86946385031058 55.8185296200497,  37.869517321201926 55.818454517989466, 37.869420405211486 55.81843668122875,37.86937696011245 55.818509905772885))'
       );
INSERT INTO geomap.geo_object(id, name, tech_charact_id, address_id, build_assignment_id, owner_id, cost_evaluation_id,
                              cost_of_ownership_id, compliance_with_legislation_id, budget_revenues_id, coordinates)
VALUES (1021, 'Жилой дом', 1021, 1021, 1021, 1021, 1021, 1021, 1021, 1021,
        'POLYGON(( 37.86976947117526 55.818635585285534, 37.86991651612584 55.81867313615885, 37.8702690898144 55.81822627841413,  37.87011909443768 55.81819032580546,37.86976947117526 55.818635585285534))'
       );
INSERT INTO geomap.geo_object(id, name, tech_charact_id, address_id, build_assignment_id, owner_id, cost_evaluation_id,
                              cost_of_ownership_id, compliance_with_legislation_id, budget_revenues_id, coordinates)
VALUES (1022, 'Жилой дом', 1022, 1022, 1022, 1022, 1022, 1022, 1022, 1022,
        'POLYGON(( 37.87092190209688 55.818913134604315, 37.871264100706355 55.8184669850088, 37.87111959521539 55.81843620529693, 37.870779256380644  55.818876086195104,37.87092190209688 55.818913134604315))'
       );
INSERT INTO geomap.geo_object(id, name, tech_charact_id, address_id, build_assignment_id, owner_id, cost_evaluation_id,
                              cost_of_ownership_id, compliance_with_legislation_id, budget_revenues_id, coordinates)
VALUES (1023, 'Жилой дом', 1023, 1023, 1023, 1023, 1023, 1023, 1023, 1023,
        'POLYGON(( 37.87183367665918  55.81915824854346, 37.87217773504335 55.818716281143, 37.87203267259022  55.818677621817386, 37.8716793153302  55.81911958965665,37.87183367665918  55.81915824854346))'
       );


INSERT INTO geomap.street_type(id, name) VALUES (1, 'улица');
INSERT INTO geomap.street_type(id, name) VALUES (2, 'Аллея');
INSERT INTO geomap.street_type(id, name) VALUES (3, 'Бульвар');
INSERT INTO geomap.street_type(id, name) VALUES (4, 'Дорога');
INSERT INTO geomap.street_type(id, name) VALUES (5, 'Проспект');
INSERT INTO geomap.street_type(id, name) VALUES (6, 'Тупик');


INSERT INTO geomap.street(id, name, coordinates, street_type_id) VALUES (1, '9 мая', 'LINESTRING(37.861178 55.81583, 37.872792 55.818735)', 1);
INSERT INTO geomap.street(id, name, coordinates, street_type_id) VALUES (2, 'Южная', 'LINESTRING(37.866456 55.818895, 37.868715 55.816158)', 1);
INSERT INTO geomap.street(id, name, coordinates, street_type_id) VALUES (3, 'Хвойная', 'LINESTRING(37.85937 55.816861, 37.862685 55.814965, 37.868189 55.815534, 37.871858 55.815137, 37.874138 55.81555, 37.875007 55.815993)', 4);
INSERT INTO geomap.street(id, name, coordinates, street_type_id) VALUES (4, 'Восточная', 'LINESTRING(37.871622 55.820164, 37.875007 55.815993)', 1);


INSERT INTO geomap.street(id, name, coordinates, street_type_id) VALUES (1000, '9 Мая', 'LINESTRING(37.861795 55.816005, 37.87276 55.818717)', 1);
INSERT INTO geomap.street(id, name, coordinates, street_type_id) VALUES (1001, 'Главная', 'LINESTRING(37.860598 55.817475, 37.871601  55.820188)', 1);
INSERT INTO geomap.street(id, name, coordinates, street_type_id) VALUES (1002, 'Главная', 'LINESTRING(37.860604 55.817469, 37.861773 55.816011)', 1);
INSERT INTO geomap.street(id, name, coordinates, street_type_id) VALUES (1003, 'Главная', 'LINESTRING(37.86644 55.818922, 37.867588 55.817475)', 1);
INSERT INTO geomap.street(id, name, coordinates, street_type_id) VALUES (1004, 'Главная', 'LINESTRING(37.867776 55.819214, 37.86894 55.817789)', 1);
INSERT INTO geomap.street(id, name, coordinates, street_type_id) VALUES (1005, 'Главная', 'LINESTRING(37.871596 55.820176, 37.87276 55.81875)', 1);



INSERT INTO geomap.address(id, postcode, region, adm_district, district, locality_type, locality, street, house_num, build_num, constr_num, land_num, street_id,
                           default_postcode, default_region, default_adm_district, default_district, default_locality_type, default_locality, default_street, default_house_num, default_build_num, default_constr_num, default_land_num, default_street_id,
                           geo_object_id) VALUES (1, 105173, 'Москва', 'ВАО', 'Восточный', 'поселок', 'Москва', '9 мая', '12', '-', '-', '77:03:0008001:1239 ', 1,
                                                  105173, 'Москва', 'ВАО', 'Восточный', 'поселок', 'Москва', '9 мая', '12', '-', '-', '77:03:0008001:1239', 1, 1);
INSERT INTO geomap.address(id, postcode, region, adm_district, district, locality_type, locality, street, house_num, build_num, constr_num, land_num, street_id,
                           default_postcode, default_region, default_adm_district, default_district, default_locality_type, default_locality, default_street, default_house_num, default_build_num, default_constr_num, default_land_num, default_street_id,
                           geo_object_id) VALUES (2, 105173, 'Москва', 'ВАО', 'Восточный', 'поселок', 'Москва', '9 мая', '10', '-', '-', '77:03:0008001:1202', 1,
                                                  105173, 'Москва', 'ВАО', 'Восточный', 'поселок', 'Москва', '9 мая', '10', '-', '-', '77:03:0008001:1202', 1, 2);
INSERT INTO geomap.address(id, postcode, region, adm_district, district, locality_type, locality, street, house_num, build_num, constr_num, land_num, street_id,
                           default_postcode, default_region, default_adm_district, default_district, default_locality_type, default_locality, default_street, default_house_num, default_build_num, default_constr_num, default_land_num, default_street_id,
                           geo_object_id) VALUES (3, 105173, 'Москва', 'ВАО', 'Восточный', 'поселок', 'Москва', '9 мая', '14', '-', '-', '77:03:0008001:1040', 1,
                                                  105173, 'Москва', 'ВАО', 'Восточный', 'поселок', 'Москва', '9 мая', '14', '-', '-', '77:03:0008001:1040', 1, 3);
INSERT INTO geomap.address(id, postcode, region, adm_district, district, locality_type, locality, street, house_num, build_num, constr_num, land_num, street_id,
                           default_postcode, default_region, default_adm_district, default_district, default_locality_type, default_locality, default_street, default_house_num, default_build_num, default_constr_num, default_land_num, default_street_id,
                           geo_object_id) VALUES (4, 105173, 'Москва', 'ВАО', 'Восточный', 'поселок', 'Москва', '9 мая', '10', 'А', '-', '77:03:0008001:1219', 1,
                                                  105173, 'Москва', 'ВАО', 'Восточный', 'поселок', 'Москва', '9 мая', '10', 'А', '-', '77:03:0008001:1219', 1, 4);
INSERT INTO geomap.address(id, postcode, region, adm_district, district, locality_type, locality, street, house_num, build_num, constr_num, land_num, street_id,
                           default_postcode, default_region, default_adm_district, default_district, default_locality_type, default_locality, default_street, default_house_num, default_build_num, default_constr_num, default_land_num, default_street_id,
                           geo_object_id) VALUES (5, 105173, 'Москва', 'ВАО', 'Восточный', 'поселок', 'Восточный', '9 мая', '12', 'Б', '2', '77:03:0008001:1219', 1,
                                                  105173, 'Москва', 'ВАО', 'Восточный', 'поселок', 'Восточный', '9 мая', '12', 'Б', '2', '77:03:0008001:1219', 1, 5);
INSERT INTO geomap.address(id, postcode, region, adm_district, district, locality_type, locality, street, house_num, build_num, constr_num, land_num, street_id,
                           default_postcode, default_region, default_adm_district, default_district, default_locality_type, default_locality, default_street, default_house_num, default_build_num, default_constr_num, default_land_num, default_street_id,
                           geo_object_id) VALUES (6, 105173, 'Москва', 'ВАО', 'Восточный', 'поселок', 'Восточный', '9 мая', '12', 'Б', '-', '77:03:0008001:1219', 1,
                                                  105173, 'Москва', 'ВАО', 'Восточный', 'поселок', 'Восточный', '9 мая', '12', 'Б', '-', '77:03:0008001:1219', 1, 6);
INSERT INTO geomap.address(id, postcode, region, adm_district, district, locality_type, locality, street, house_num, build_num, constr_num, land_num, street_id,
                           default_postcode, default_region, default_adm_district, default_district, default_locality_type, default_locality, default_street, default_house_num, default_build_num, default_constr_num, default_land_num, default_street_id,
                           geo_object_id) VALUES (7, 105173, 'Москва', 'ВАО', 'Восточный', 'поселок', 'Восточный', '9 мая', '12', 'А', '-', '77:03:0008001:1219', 1,
                                                  105173, 'Москва', 'ВАО', 'Восточный', 'поселок', 'Восточный', '9 мая', '12', 'А', '-', '77:03:0008001:1219', 1, 7);
INSERT INTO geomap.address(id, postcode, region, adm_district, district, locality_type, locality, street, house_num, build_num, constr_num, land_num, street_id,
                           default_postcode, default_region, default_adm_district, default_district, default_locality_type, default_locality, default_street, default_house_num, default_build_num, default_constr_num, default_land_num, default_street_id,
                           geo_object_id) VALUES (8, 105173, 'Москва', 'ВАО', 'Восточный', 'поселок', 'Восточный', '9 мая', '14', 'А', '-', '77:03:0008001:1219', 1,
                                                  105173, 'Москва', 'ВАО', 'Восточный', 'поселок', 'Восточный', '9 мая', '14', 'А', '-', '77:03:0008001:1219', 1, 8);
INSERT INTO geomap.address(id, postcode, region, adm_district, district, locality_type, locality, street, house_num, build_num, constr_num, land_num, street_id,
                           default_postcode, default_region, default_adm_district, default_district, default_locality_type, default_locality, default_street, default_house_num, default_build_num, default_constr_num, default_land_num, default_street_id,
                           geo_object_id) VALUES (9, 105173, 'Москва', 'ВАО', 'Восточный', 'поселок', 'Восточный', '9 мая', '-',  '-', '-', '77:03:0008001:1219', 1,
                                                  105173, 'Москва', 'ВАО', 'Восточный', 'поселок', 'Восточный', '9 мая', '16',  '-', '-', '77:03:0008001:1219', 1, 9);
INSERT INTO geomap.address(id, postcode, region, adm_district, district, locality_type, locality, street, house_num, build_num, constr_num, land_num, street_id,
                           default_postcode, default_region, default_adm_district, default_district, default_locality_type, default_locality, default_street, default_house_num, default_build_num, default_constr_num, default_land_num, default_street_id,
                           geo_object_id) VALUES (10, 105173, 'Москва', 'ВАО', 'Восточный', 'поселок', 'Восточный', '9 мая', '18',  '-','-', '77:03:0008001:1036', 1,
                                                  105173, 'Москва', 'ВАО', 'Восточный', 'поселок', 'Восточный', '9 мая', '18',  '-','-', '77:03:0008001:1036', 1, 10);
INSERT INTO geomap.address(id, postcode, region, adm_district, district, locality_type, locality, street, house_num, build_num, constr_num, land_num, street_id,
                           default_postcode, default_region, default_adm_district, default_district, default_locality_type, default_locality, default_street, default_house_num, default_build_num, default_constr_num, default_land_num, default_street_id,
                           geo_object_id) VALUES (11, 105173, 'Москва', 'ВАО', 'Восточный', 'поселок', 'Восточный', '9 мая', '20', '-', '-', '77:03:0008001:1035', 1,
                                                  105173, 'Москва', 'ВАО', 'Восточный', 'поселок', 'Восточный', '9 мая', '20', '-', '-', '77:03:0008001:1035', 1, 11);
INSERT INTO geomap.address(id, postcode, region, adm_district, district, locality_type, locality, street, house_num, build_num, constr_num, land_num, street_id,
                           default_postcode, default_region, default_adm_district, default_district, default_locality_type, default_locality, default_street, default_house_num, default_build_num, default_constr_num, default_land_num, default_street_id,
                           geo_object_id) VALUES (12, 105173, 'Москва', 'ВАО', 'Восточный', 'поселок', 'Восточный', '9 мая', '22', '-', '-', '77:03:0008001:1239', 1,
                                                  105173, 'Москва', 'ВАО', 'Восточный', 'поселок', 'Восточный', '9 мая', '22', '-', '-', '77:03:0008001:1239', 1, 12);
INSERT INTO geomap.address(id, postcode, region, adm_district, district, locality_type, locality, street, house_num, build_num, constr_num, land_num, street_id,
                           default_postcode, default_region, default_adm_district, default_district, default_locality_type, default_locality, default_street, default_house_num, default_build_num, default_constr_num, default_land_num, default_street_id,
                           geo_object_id) VALUES (13, 105173, 'Москва', 'ВАО', 'Восточный', 'поселок', 'Восточный', '9 мая', '24', '-', '-', '77:03:0008001:1202', 1,
                                                  105173, 'Москва', 'ВАО', 'Восточный', 'поселок', 'Восточный', '9 мая', '24', '-', '-', '77:03:0008001:1202', 1, 13);
INSERT INTO geomap.address(id, postcode, region, adm_district, district, locality_type, locality, street, house_num, build_num, constr_num, land_num, street_id,
                           default_postcode, default_region, default_adm_district, default_district, default_locality_type, default_locality, default_street, default_house_num, default_build_num, default_constr_num, default_land_num, default_street_id,
                           geo_object_id) VALUES (14, 105173, 'Москва', 'ВАО', 'Восточный', 'поселок', 'Восточный', '9 мая', '26', '-', '-', '77:03:0008001:1040', 1,
                                                  105173, 'Москва', 'ВАО', 'Восточный', 'поселок', 'Восточный', '9 мая', '26', '-', '-', '77:03:0008001:1040', 1, 14);
INSERT INTO geomap.address(id, postcode, region, adm_district, district, locality_type, locality, street, house_num, build_num, constr_num, land_num, street_id,
                           default_postcode, default_region, default_adm_district, default_district, default_locality_type, default_locality, default_street, default_house_num, default_build_num, default_constr_num, default_land_num, default_street_id,
                           geo_object_id) VALUES (15, 105173, 'Москва', 'ВАО', 'Восточный', 'поселок', 'Восточный', '9 мая', '16', 'А', '-', '77:03:0008001:1043', 1,
                                                  105173, 'Москва', 'ВАО', 'Восточный', 'поселок', 'Восточный', '9 мая', '16', 'А', '-', '77:03:0008001:1043', 1, 15);
INSERT INTO geomap.address(id, postcode, region, adm_district, district, locality_type, locality, street, house_num, build_num, constr_num, land_num, street_id,
                           default_postcode, default_region, default_adm_district, default_district, default_locality_type, default_locality, default_street, default_house_num, default_build_num, default_constr_num, default_land_num, default_street_id,
                           geo_object_id) VALUES (16, 105173, 'Москва', 'ВАО', 'Восточный', 'поселок', 'Восточный', '9 мая', '18', 'А', '-', '77:03:0008001:1046', 1,
                                                  105173, 'Москва', 'ВАО', 'Восточный', 'поселок', 'Восточный', '9 мая', '18', 'А', '-', '77:03:0008001:1046', 1, 16);
INSERT INTO geomap.address(id, postcode, region, adm_district, district, locality_type, locality, street, house_num, build_num, constr_num, land_num, street_id,
                           default_postcode, default_region, default_adm_district, default_district, default_locality_type, default_locality, default_street, default_house_num, default_build_num, default_constr_num, default_land_num, default_street_id,
                           geo_object_id) VALUES (17, 105173, 'Москва', 'ВАО', 'Восточный', 'поселок', 'Восточный', '9 мая', '20', 'А', '-', '77:03:0008001:1048', 1,
                                                  105173, 'Москва', 'ВАО', 'Восточный', 'поселок', 'Восточный', '9 мая', '20', 'А', '-', '77:03:0008001:1048', 1, 17);
INSERT INTO geomap.address(id, postcode, region, adm_district, district, locality_type, locality, street, house_num, build_num, constr_num, land_num, street_id,
                           default_postcode, default_region, default_adm_district, default_district, default_locality_type, default_locality, default_street, default_house_num, default_build_num, default_constr_num, default_land_num, default_street_id,
                           geo_object_id) VALUES (18, 105173, 'Москва', 'ВАО', 'Восточный', 'поселок', 'Восточный', '9 мая', '22', 'А', '-', '77:03:0008001:1038', 1,
                                                  105173, 'Москва', 'ВАО', 'Восточный', 'поселок', 'Восточный', '9 мая', '22', 'А', '-', '77:03:0008001:1038', 1, 18);
INSERT INTO geomap.address(id, postcode, region, adm_district, district, locality_type, locality, street, house_num, build_num, constr_num, land_num, street_id,
                           default_postcode, default_region, default_adm_district, default_district, default_locality_type, default_locality, default_street, default_house_num, default_build_num, default_constr_num, default_land_num, default_street_id,
                           geo_object_id) VALUES (19, 105173, 'Москва', 'ВАО', 'Восточный', 'поселок', 'Восточный', '9 мая', '-', '-', '-', '77:03:0008001:1041', 1,
                                                  105173, 'Москва', 'ВАО', 'Восточный', 'поселок', 'Восточный', '9 мая', '-', '-', '-', '77:03:0008001:1041', 1, 19);
INSERT INTO geomap.address(id, postcode, region, adm_district, district, locality_type, locality, street, house_num, build_num, constr_num, land_num, street_id,
                           default_postcode, default_region, default_adm_district, default_district, default_locality_type, default_locality, default_street, default_house_num, default_build_num, default_constr_num, default_land_num, default_street_id,
                           geo_object_id) VALUES (20, 105173, 'Москва', 'ВАО', 'Восточный', 'поселок', 'Восточный', '9 мая', '16', '1', '-', '77:03:0008001:1047', 1,
                                                  105173, 'Москва', 'ВАО', 'Восточный', 'поселок', 'Восточный', '9 мая', '16', '1', '-', '77:03:0008001:1047', 1, 20);
INSERT INTO geomap.address(id, postcode, region, adm_district, district, locality_type, locality, street, house_num, build_num, constr_num, land_num, street_id,
                           default_postcode, default_region, default_adm_district, default_district, default_locality_type, default_locality, default_street, default_house_num, default_build_num, default_constr_num, default_land_num, default_street_id,
                           geo_object_id) VALUES (21, 105173, 'Москва', 'ВАО', 'Восточный', 'поселок', 'Восточный', '9 мая', '-',  '-','-', '77:03:0008001:1049', 1,
                                                  105173, 'Москва', 'ВАО', 'Восточный', 'поселок', 'Восточный', '9 мая', '-',  '-','-', '77:03:0008001:1049', 1, 21);
INSERT INTO geomap.address(id, postcode, region, adm_district, district, locality_type, locality, street, house_num, build_num, constr_num, land_num, street_id,
                           default_postcode, default_region, default_adm_district, default_district, default_locality_type, default_locality, default_street, default_house_num, default_build_num, default_constr_num, default_land_num, default_street_id,
                           geo_object_id) VALUES (22, 105173, 'Москва', 'ВАО', 'Восточный', 'поселок', 'Восточный', '9 мая', '8', '-', '-', '77:03:0008001:1219', 1,
                                                  105173, 'Москва', 'ВАО', 'Восточный', 'поселок', 'Восточный', '9 мая', '8', '-', '-', '77:03:0008001:1219', 1, 22);
INSERT INTO geomap.address(id, postcode, region, adm_district, district, locality_type, locality, street, house_num, build_num, constr_num, land_num, street_id,
                           default_postcode, default_region, default_adm_district, default_district, default_locality_type, default_locality, default_street, default_house_num, default_build_num, default_constr_num, default_land_num, default_street_id,
                           geo_object_id) VALUES (23, 105173, 'Москва', 'ВАО', 'Восточный', 'поселок', 'Восточный', '9 мая', '8', '-', '-', '77:03:0008001:1210', 1,
                                                  105173, 'Москва', 'ВАО', 'Восточный', 'поселок', 'Восточный', '9 мая', '8', '-', '-', '77:03:0008001:1210', 1, 23);
INSERT INTO geomap.address(id, postcode, region, adm_district, district, locality_type, locality, street, house_num, build_num, constr_num, land_num, street_id,
                           default_postcode, default_region, default_adm_district, default_district, default_locality_type, default_locality, default_street, default_house_num, default_build_num, default_constr_num, default_land_num, default_street_id,
                           geo_object_id) VALUES (24, 105173, 'Москва', 'ВАО', 'Восточный', 'поселок', 'Восточный', '9 мая', '8', '-', '2', '77:03:0008001:1258', 1,
                                                  105173, 'Москва', 'ВАО', 'Восточный', 'поселок', 'Восточный', '9 мая', '8', '-', '2', '77:03:0008001:1258', 1, 24);
INSERT INTO geomap.address(id, postcode, region, adm_district, district, locality_type, locality, street, house_num, build_num, constr_num, land_num, street_id,
                           default_postcode, default_region, default_adm_district, default_district, default_locality_type, default_locality, default_street, default_house_num, default_build_num, default_constr_num, default_land_num, default_street_id,
                           geo_object_id) VALUES (25, 105173, 'Москва', 'ВАО', 'Восточный', 'поселок', 'Восточный', '9 мая', '6', '-', '-', '77:00:0000000:41904', 1,
                                                  105173, 'Москва', 'ВАО', 'Восточный', 'поселок', 'Восточный', '9 мая', '6', '-', '-', '77:00:0000000:41904', 1, 25);
INSERT INTO geomap.address(id, postcode, region, adm_district, district, locality_type, locality, street, house_num, build_num, constr_num, land_num, street_id,
                           default_postcode, default_region, default_adm_district, default_district, default_locality_type, default_locality, default_street, default_house_num, default_build_num, default_constr_num, default_land_num, default_street_id,
                           geo_object_id) VALUES (26, 105173, 'Москва', 'ВАО', 'Восточный', 'поселок', 'Восточный', '9 мая', '4', '-', '-', '77:03:0008001:1212', 1,
                                                  105173, 'Москва', 'ВАО', 'Восточный', 'поселок', 'Восточный', '9 мая', '4', '-', '-', '77:03:0008001:1212', 1, 26);
INSERT INTO geomap.address(id, postcode, region, adm_district, district, locality_type, locality, street, house_num, build_num, constr_num, land_num, street_id,
                           default_postcode, default_region, default_adm_district, default_district, default_locality_type, default_locality, default_street, default_house_num, default_build_num, default_constr_num, default_land_num, default_street_id,
                           geo_object_id) VALUES (27, 105173, 'Москва', 'ВАО', 'Восточный', 'поселок', 'Восточный', '9 мая', '2', '-', '-', '77:03:0008001:1220', 1,
                                                  105173, 'Москва', 'ВАО', 'Восточный', 'поселок', 'Восточный', '9 мая', '2', '-', '-', '77:03:0008001:1220', 1, 27);
INSERT INTO geomap.address(id, postcode, region, adm_district, district, locality_type, locality, street, house_num, build_num, constr_num, land_num, street_id,
                           default_postcode, default_region, default_adm_district, default_district, default_locality_type, default_locality, default_street, default_house_num, default_build_num, default_constr_num, default_land_num, default_street_id,
                           geo_object_id) VALUES (28, 105173, '-', '-', '-', '-', '-', '-', '-', '-', '-', '77:03:0008001:1220', 1,
                                                  105173, '-', '-', '-', '-', '-', '-', '-', '-', '-', '77:03:0008001:1220', 1, 28);
INSERT INTO geomap.address(id, postcode, region, adm_district, district, locality_type, locality, street, house_num, build_num, constr_num, land_num, street_id,
                           default_postcode, default_region, default_adm_district, default_district, default_locality_type, default_locality, default_street, default_house_num, default_build_num, default_constr_num, default_land_num, default_street_id,
                           geo_object_id) VALUES (29, 105173, '-', '-', '-', '-', '-', '-', '-', '-', '-', '77:03:0008001:1220', 1,
                                                  105173, '-', '-', '-', '-', '-', '-', '-', '-', '-', '77:03:0008001:1220', 1, 29);


INSERT INTO geomap.address(id, postcode, region, adm_district, district, locality_type, locality, street, house_num, build_num, constr_num, land_num, street_id,
                           default_postcode, default_region, default_adm_district, default_district, default_locality_type, default_locality, default_street, default_house_num, default_build_num, default_constr_num, default_land_num, default_street_id,
                           geo_object_id) VALUES (1000, 112114, 'Москва', 'ВАО', 'Восточный', 'поселок', 'Восточный', 'Главная', '2', '-', '-', '77:03:0008001:4145', 1001,
                                                  112114, 'Москва', 'ВАО', 'Восточный', 'поселок', 'Восточный', 'Главная', '2', '-', '-', '77:03:0008001:4145', 1001, 1000);
INSERT INTO geomap.address(id, postcode, region, adm_district, district, locality_type, locality, street, house_num, build_num, constr_num, land_num, street_id,
                           default_postcode, default_region, default_adm_district, default_district, default_locality_type, default_locality, default_street, default_house_num, default_build_num, default_constr_num, default_land_num, default_street_id,
                           geo_object_id) VALUES (1001, 112114, 'Москва', 'ВАО', 'Восточный', 'поселок', 'Восточный', '9 Мая', '1', '-', '-', '77:03:0008001:3329', 1000,
                                                  112114, 'Москва', 'ВАО', 'Восточный', 'поселок', 'Восточный', '9 Мая', '1', '-', '-', '77:03:0008001:3329', 1000, 1001);
INSERT INTO geomap.address(id, postcode, region, adm_district, district, locality_type, locality, street, house_num, build_num, constr_num, land_num, street_id,
                           default_postcode, default_region, default_adm_district, default_district, default_locality_type, default_locality, default_street, default_house_num, default_build_num, default_constr_num, default_land_num, default_street_id,
                           geo_object_id) VALUES (1002, 112114, 'Москва', 'ВАО', 'Восточный', 'поселок', 'Восточный', 'Главная', '6', '-', '-', '77:03:0008001:4509', 1003,
                                                  112114, 'Москва', 'ВАО', 'Восточный', 'поселок', 'Восточный', 'Главная', '6', '-', '-', '77:03:0008001:4509', 1003, 1002);
INSERT INTO geomap.address(id, postcode, region, adm_district, district, locality_type, locality, street, house_num, build_num, constr_num, land_num, street_id,
                           default_postcode, default_region, default_adm_district, default_district, default_locality_type, default_locality, default_street, default_house_num, default_build_num, default_constr_num, default_land_num, default_street_id,
                           geo_object_id) VALUES (1003, 112114, 'Москва', 'ВАО', 'Восточный', 'поселок', 'Восточный', '9 Мая', '5', '-', '-', '77:03:0008001:1563', 1004,
                                                  112114, 'Москва', 'ВАО', 'Восточный', 'поселок', 'Восточный', '9 Мая', '5', '-', '-', '77:03:0008001:1563', 1004, 1003);
INSERT INTO geomap.address(id, postcode, region, adm_district, district, locality_type, locality, street, house_num, build_num, constr_num, land_num, street_id,
                           default_postcode, default_region, default_adm_district, default_district, default_locality_type, default_locality, default_street, default_house_num, default_build_num, default_constr_num, default_land_num, default_street_id,
                           geo_object_id) VALUES (1004, 112114, 'Москва', 'ВАО', 'Восточный', 'поселок', 'Восточный', '9 Мая', '7', 'А', '-', '77:03:0008001:3454', 1005,
                                                  112114, 'Москва', 'ВАО', 'Восточный', 'поселок', 'Восточный', '9 Мая', '7', 'А', '-', '77:03:0008001:3454', 1005, 1004);
INSERT INTO geomap.address(id, postcode, region, adm_district, district, locality_type, locality, street, house_num, build_num, constr_num, land_num, street_id,
                           default_postcode, default_region, default_adm_district, default_district, default_locality_type, default_locality, default_street, default_house_num, default_build_num, default_constr_num, default_land_num, default_street_id,
                           geo_object_id) VALUES (1005, 112114, 'Москва', 'ВАО', 'Восточный', 'поселок', 'Восточный', '9 Мая', '7', '-', '-', '77:03:0008001:0901', 1000,
                                                  112114, 'Москва', 'ВАО', 'Восточный', 'поселок', 'Восточный', '9 Мая', '7', '-', '-', '77:03:0008001:0901', 1000, 1005);
INSERT INTO geomap.address(id, postcode, region, adm_district, district, locality_type, locality, street, house_num, build_num, constr_num, land_num, street_id,
                           default_postcode, default_region, default_adm_district, default_district, default_locality_type, default_locality, default_street, default_house_num, default_build_num, default_constr_num, default_land_num, default_street_id,
                           geo_object_id) VALUES (1006, 112114, 'Москва', 'ВАО', 'Восточный', 'поселок', 'Восточный', '9 Мая', '9', '-', '-', '77:03:0008001:8865', 1000,
                                                  112114, 'Москва', 'ВАО', 'Восточный', 'поселок', 'Восточный', '9 Мая', '9', '-', '-', '77:03:0008001:8865', 1000, 1006);
INSERT INTO geomap.address(id, postcode, region, adm_district, district, locality_type, locality, street, house_num, build_num, constr_num, land_num, street_id,
                           default_postcode, default_region, default_adm_district, default_district, default_locality_type, default_locality, default_street, default_house_num, default_build_num, default_constr_num, default_land_num, default_street_id,
                           geo_object_id) VALUES (1007, 112114, 'Москва', 'ВАО', 'Восточный', 'поселок', 'Восточный', '9 Мая', '11', '-', '-', '77:03:0008001:2376', 1000,
                                                  112114, 'Москва', 'ВАО', 'Восточный', 'поселок', 'Восточный', '9 Мая', '11', '-', '-', '77:03:0008001:2376', 1000, 1007);
INSERT INTO geomap.address(id, postcode, region, adm_district, district, locality_type, locality, street, house_num, build_num, constr_num, land_num, street_id,
                           default_postcode, default_region, default_adm_district, default_district, default_locality_type, default_locality, default_street, default_house_num, default_build_num, default_constr_num, default_land_num, default_street_id,
                           geo_object_id) VALUES (1008, 112114, 'Москва', 'ВАО', 'Восточный', 'поселок', 'Восточный', 'Главная', '4', '-', '-', '77:03:0008001:0902', 1002,
                                                  112114, 'Москва', 'ВАО', 'Восточный', 'поселок', 'Восточный', 'Главная', '4', '-', '-', '77:03:0008001:0902', 1002, 1008);
INSERT INTO geomap.address(id, postcode, region, adm_district, district, locality_type, locality, street, house_num, build_num, constr_num, land_num, street_id,
                           default_postcode, default_region, default_adm_district, default_district, default_locality_type, default_locality, default_street, default_house_num, default_build_num, default_constr_num, default_land_num, default_street_id,
                           geo_object_id) VALUES (1009, 112114, 'Москва', 'ВАО', 'Восточный', 'поселок', 'Восточный', 'Главная', '12', '-', '-', '77:03:0008001:2311', 1001,
                                                  112114, 'Москва', 'ВАО', 'Восточный', 'поселок', 'Восточный', 'Главная', '12', '-', '-', '77:03:0008001:2311', 1001, 1009);
INSERT INTO geomap.address(id, postcode, region, adm_district, district, locality_type, locality, street, house_num, build_num, constr_num, land_num, street_id,
                           default_postcode, default_region, default_adm_district, default_district, default_locality_type, default_locality, default_street, default_house_num, default_build_num, default_constr_num, default_land_num, default_street_id,
                           geo_object_id) VALUES (1010, 112114, 'Москва', 'ВАО', 'Восточный', 'поселок', 'Восточный', 'Главная', '10', '-',  '-','77:03:0008001:2200', 1001,
                                                  112114, 'Москва', 'ВАО', 'Восточный', 'поселок', 'Восточный', 'Главная', '10', '-',  '-','77:03:0008001:2200', 1001, 1010);
INSERT INTO geomap.address(id, postcode, region, adm_district, district, locality_type, locality, street, house_num, build_num, constr_num, land_num, street_id,
                           default_postcode, default_region, default_adm_district, default_district, default_locality_type, default_locality, default_street, default_house_num, default_build_num, default_constr_num, default_land_num, default_street_id,
                           geo_object_id) VALUES (1011, 112114, 'Москва', 'ВАО', 'Восточный', 'поселок', 'Восточный', 'Главная', '8', '-', '-', '77:03:0008001:7709', 1001,
                                                  112114, 'Москва', 'ВАО', 'Восточный', 'поселок', 'Восточный', 'Главная', '8', '-', '-', '77:03:0008001:7709', 1001, 1011);
INSERT INTO geomap.address(id, postcode, region, adm_district, district, locality_type, locality, street, house_num, build_num, constr_num, land_num, street_id,
                           default_postcode, default_region, default_adm_district, default_district, default_locality_type, default_locality, default_street, default_house_num, default_build_num, default_constr_num, default_land_num, default_street_id,
                           geo_object_id) VALUES (1012, 112114, 'Москва', 'ВАО', 'Восточный', 'поселок', 'Восточный', '9 Мая', '-', '-', '-', '77:03:0008001:1611', 1001,
                                                  112114, 'Москва', 'ВАО', 'Восточный', 'поселок', 'Восточный', '9 Мая', '13', '-', '-', '77:03:0008001:1611', 1001, 1012);
INSERT INTO geomap.address(id, postcode, region, adm_district, district, locality_type, locality, street, house_num, build_num, constr_num, land_num, street_id,
                           default_postcode, default_region, default_adm_district, default_district, default_locality_type, default_locality, default_street, default_house_num, default_build_num, default_constr_num, default_land_num, default_street_id,
                           geo_object_id) VALUES (1013, 112114, 'Москва', 'ВАО', 'Восточный', 'поселок', 'Восточный', 'Главная', '16', '-', '-', '77:03:0008001:1211', 1004,
                                                  112114, 'Москва', 'ВАО', 'Восточный', 'поселок', 'Восточный', 'Главная', '16', '-', '-', '77:03:0008001:1211', 1004, 1013);
INSERT INTO geomap.address(id, postcode, region, adm_district, district, locality_type, locality, street, house_num, build_num, constr_num, land_num, street_id,
                           default_postcode, default_region, default_adm_district, default_district, default_locality_type, default_locality, default_street, default_house_num, default_build_num, default_constr_num, default_land_num, default_street_id,
                           geo_object_id) VALUES (1014, 112114, 'Москва', 'ВАО', 'Восточный', 'поселок', 'Восточный', 'Главная', '18',  '-','-', '77:03:0008001:0029', 1001,
                                                  112114, 'Москва', 'ВАО', 'Восточный', 'поселок', 'Восточный', 'Главная', '18',  '-','-', '77:03:0008001:0029', 1001, 1014);
INSERT INTO geomap.address(id, postcode, region, adm_district, district, locality_type, locality, street, house_num, build_num, constr_num, land_num, street_id,
                           default_postcode, default_region, default_adm_district, default_district, default_locality_type, default_locality, default_street, default_house_num, default_build_num, default_constr_num, default_land_num, default_street_id,
                           geo_object_id) VALUES (1015, 112114, 'Москва', 'ВАО', 'Восточный', 'поселок', 'Восточный', 'Главная', '20', '-', '-', '77:03:0008001:0005', 1001,
                                                  112114, 'Москва', 'ВАО', 'Восточный', 'поселок', 'Восточный', 'Главная', '20', '-', '-', '77:03:0008001:0005', 1001, 1015);
INSERT INTO geomap.address(id, postcode, region, adm_district, district, locality_type, locality, street, house_num, build_num, constr_num, land_num, street_id,
                           default_postcode, default_region, default_adm_district, default_district, default_locality_type, default_locality, default_street, default_house_num, default_build_num, default_constr_num, default_land_num, default_street_id,
                           geo_object_id) VALUES (1016, 112114, 'Москва', 'ВАО', 'Восточный', 'поселок', 'Восточный', 'Главная', '20', '-', '2', '77:03:0008001:3400', 1001,
                                                  112114, 'Москва', 'ВАО', 'Восточный', 'поселок', 'Восточный', 'Главная', '20', '-', '2', '77:03:0008001:3400', 1001, 1016);
INSERT INTO geomap.address(id, postcode, region, adm_district, district, locality_type, locality, street, house_num, build_num, constr_num, land_num, street_id,
                           default_postcode, default_region, default_adm_district, default_district, default_locality_type, default_locality, default_street, default_house_num, default_build_num, default_constr_num, default_land_num, default_street_id,
                           geo_object_id) VALUES (1017, 112114, 'Москва', 'ВАО', 'Восточный', 'поселок', 'Восточный', 'Главная', '22', '-', '-', '77:03:0008001:1071', 1001,
                                                  112114, 'Москва', 'ВАО', 'Восточный', 'поселок', 'Восточный', 'Главная', '22', '-', '-', '77:03:0008001:1071', 1001, 1017);
INSERT INTO geomap.address(id, postcode, region, adm_district, district, locality_type, locality, street, house_num, build_num, constr_num, land_num, street_id,
                           default_postcode, default_region, default_adm_district, default_district, default_locality_type, default_locality, default_street, default_house_num, default_build_num, default_constr_num, default_land_num, default_street_id,
                           geo_object_id) VALUES (1018, 112114, 'Москва', 'ВАО', 'Восточный', 'поселок', 'Восточный', 'Главная', '24', '-','-', '77:03:0008001:1449', 1005,
                                                  112114, 'Москва', 'ВАО', 'Восточный', 'поселок', 'Восточный', 'Главная', '24', '-','-', '77:03:0008001:1449', 1005, 1018);
INSERT INTO geomap.address(id, postcode, region, adm_district, district, locality_type, locality, street, house_num, build_num, constr_num, land_num, street_id,
                           default_postcode, default_region, default_adm_district, default_district, default_locality_type, default_locality, default_street, default_house_num, default_build_num, default_constr_num, default_land_num, default_street_id,
                           geo_object_id) VALUES (1019, 112114, 'Москва', 'ВАО', 'Восточный', 'поселок', 'Восточный', '9 Мая', '15', '-','-', '77:03:0008001:1444', 1000,
                                                  112114, 'Москва', 'ВАО', 'Восточный', 'поселок', 'Восточный', '9 Мая', '15', '-','-', '77:03:0008001:1444', 1000, 1019);
INSERT INTO geomap.address(id, postcode, region, adm_district, district, locality_type, locality, street, house_num, build_num, constr_num, land_num, street_id,
                           default_postcode, default_region, default_adm_district, default_district, default_locality_type, default_locality, default_street, default_house_num, default_build_num, default_constr_num, default_land_num, default_street_id,
                           geo_object_id) VALUES (1020, 112114, 'Москва', 'ВАО', 'Восточный', 'поселок', 'Восточный', '9 Мая', '17', '-','1', '77:03:0008001:3339', 1000,
                                                  112114, 'Москва', 'ВАО', 'Восточный', 'поселок', 'Восточный', '9 Мая', '17', '-','1', '77:03:0008001:3339', 1000, 1020);
INSERT INTO geomap.address(id, postcode, region, adm_district, district, locality_type, locality, street, house_num, build_num, constr_num, land_num, street_id,
                           default_postcode, default_region, default_adm_district, default_district, default_locality_type, default_locality, default_street, default_house_num, default_build_num, default_constr_num, default_land_num, default_street_id,
                           geo_object_id) VALUES (1021, 112114, 'Москва', 'ВАО', 'Восточный', 'поселок', 'Восточный', '9 Мая', '17', '-', '-', '77:03:0008001:2229', 1000,
                                                  112114, 'Москва', 'ВАО', 'Восточный', 'поселок', 'Восточный', '9 Мая', '17', '-', '-', '77:03:0008001:2229', 1000, 1021);
INSERT INTO geomap.address(id, postcode, region, adm_district, district, locality_type, locality, street, house_num, build_num, constr_num, land_num, street_id,
                           default_postcode, default_region, default_adm_district, default_district, default_locality_type, default_locality, default_street, default_house_num, default_build_num, default_constr_num, default_land_num, default_street_id,
                           geo_object_id) VALUES (1022, 112114, 'Москва', 'ВАО', 'Восточный', 'поселок', 'Восточный', '9 Мая', '19', '-', '-', '77:03:0008001:7745', 1000,
                                                  112114, 'Москва', 'ВАО', 'Восточный', 'поселок', 'Восточный', '9 Мая', '19', '-', '-', '77:03:0008001:7745', 1000, 1022);
INSERT INTO geomap.address(id, postcode, region, adm_district, district, locality_type, locality, street, house_num, build_num, constr_num, land_num, street_id,
                           default_postcode, default_region, default_adm_district, default_district, default_locality_type, default_locality, default_street, default_house_num, default_build_num, default_constr_num, default_land_num, default_street_id,
                           geo_object_id) VALUES (1023, 112114, 'Москва', 'ВАО', 'Восточный', 'поселок', 'Восточный', '9 Мая', '21', '-', '-', '77:03:0008001:3335', 1000,
                                                  112114, 'Москва', 'ВАО', 'Восточный', 'поселок', 'Восточный', '9 Мая', '21', '-', '-', '77:03:0008001:3335', 1000, 1023);


INSERT INTO geomap.budget_revenues(id, wealth_tax, wealth_tax_accrued, wealth_tax_received, wealth_tax_debt, land_tax,  land_tax_accrued, land_tax_received, land_tax_debt, rent, rent_accrued, rent_received, rent_debt, area_owners_objects, area_own_obj_ndfl, area_own_obj_ndfl_chan_own, ndfl_sum, geo_object_id) VALUES (1, '1200','1000', '1100', '100', '1200', '700', '300','500', '600', '300', '400', '200', '700','200', '200', '100', 1);
INSERT INTO geomap.budget_revenues(id, wealth_tax, wealth_tax_accrued, wealth_tax_received, wealth_tax_debt, land_tax,  land_tax_accrued, land_tax_received, land_tax_debt, rent, rent_accrued, rent_received, rent_debt, area_owners_objects, area_own_obj_ndfl, area_own_obj_ndfl_chan_own, ndfl_sum, geo_object_id) VALUES (2, '1000','1010', '1101', '200', '1300', '800', '200','400', '500', '100', '400', '200', '700','200', '200', '100', 2);
INSERT INTO geomap.budget_revenues(id, wealth_tax, wealth_tax_accrued, wealth_tax_received, wealth_tax_debt, land_tax,  land_tax_accrued, land_tax_received, land_tax_debt, rent, rent_accrued, rent_received, rent_debt, area_owners_objects, area_own_obj_ndfl, area_own_obj_ndfl_chan_own, ndfl_sum, geo_object_id) VALUES (3, '1200','1010', '1101', '200', '1300', '800', '200','400', '500', '100', '400', '200', '700','200', '200', '100', 3);
INSERT INTO geomap.budget_revenues(id, wealth_tax, wealth_tax_accrued, wealth_tax_received, wealth_tax_debt, land_tax,  land_tax_accrued, land_tax_received, land_tax_debt, rent, rent_accrued, rent_received, rent_debt, area_owners_objects, area_own_obj_ndfl, area_own_obj_ndfl_chan_own, ndfl_sum, geo_object_id) VALUES (4, '1200','1010', '1101', '200', '1300', '800', '200','400', '500', '100', '400', '200', '700','200', '200', '100', 4);
INSERT INTO geomap.budget_revenues(id, wealth_tax, wealth_tax_accrued, wealth_tax_received, wealth_tax_debt, land_tax,  land_tax_accrued, land_tax_received, land_tax_debt, rent, rent_accrued, rent_received, rent_debt, area_owners_objects, area_own_obj_ndfl, area_own_obj_ndfl_chan_own, ndfl_sum, geo_object_id) VALUES (5, '1200','1010', '1101', '200', '1300', '800', '200','400', '500', '100', '400', '200', '700','200', '200', '100', 5);
INSERT INTO geomap.budget_revenues(id, wealth_tax, wealth_tax_accrued, wealth_tax_received, wealth_tax_debt, land_tax,  land_tax_accrued, land_tax_received, land_tax_debt, rent, rent_accrued, rent_received, rent_debt, area_owners_objects, area_own_obj_ndfl, area_own_obj_ndfl_chan_own, ndfl_sum, geo_object_id) VALUES (6, '1200','1010', '1101', '200', '1300', '800', '200','400', '500', '100', '400', '200', '700','200', '200', '100', 6);
INSERT INTO geomap.budget_revenues(id, wealth_tax, wealth_tax_accrued, wealth_tax_received, wealth_tax_debt, land_tax,  land_tax_accrued, land_tax_received, land_tax_debt, rent, rent_accrued, rent_received, rent_debt, area_owners_objects, area_own_obj_ndfl, area_own_obj_ndfl_chan_own, ndfl_sum, geo_object_id) VALUES (7, '1200','1010', '1101', '200', '1300', '800', '200','400', '500', '100', '400', '200', '700','200', '200', '100', 7);
INSERT INTO geomap.budget_revenues(id, wealth_tax, wealth_tax_accrued, wealth_tax_received, wealth_tax_debt, land_tax,  land_tax_accrued, land_tax_received, land_tax_debt, rent, rent_accrued, rent_received, rent_debt, area_owners_objects, area_own_obj_ndfl, area_own_obj_ndfl_chan_own, ndfl_sum, geo_object_id) VALUES (8, '1200','1010', '1101', '200', '1300', '800', '200','400', '500', '100', '400', '200', '700','200', '200', '100', 8);
INSERT INTO geomap.budget_revenues(id, wealth_tax, wealth_tax_accrued, wealth_tax_received, wealth_tax_debt, land_tax,  land_tax_accrued, land_tax_received, land_tax_debt, rent, rent_accrued, rent_received, rent_debt, area_owners_objects, area_own_obj_ndfl, area_own_obj_ndfl_chan_own, ndfl_sum, geo_object_id) VALUES (9, '1200','1010', '1101', '200', '1300', '800', '200','400', '500', '100', '400', '200', '700','200', '200', '100', 9);
INSERT INTO geomap.budget_revenues(id, wealth_tax, wealth_tax_accrued, wealth_tax_received, wealth_tax_debt, land_tax,  land_tax_accrued, land_tax_received, land_tax_debt, rent, rent_accrued, rent_received, rent_debt, area_owners_objects, area_own_obj_ndfl, area_own_obj_ndfl_chan_own, ndfl_sum, geo_object_id) VALUES (10, '1200','1010', '1101', '200', '1300', '800', '200','400', '500', '100', '400', '200', '700','200', '200', '100', 10);
INSERT INTO geomap.budget_revenues(id, wealth_tax, wealth_tax_accrued, wealth_tax_received, wealth_tax_debt, land_tax,  land_tax_accrued, land_tax_received, land_tax_debt, rent, rent_accrued, rent_received, rent_debt, area_owners_objects, area_own_obj_ndfl, area_own_obj_ndfl_chan_own, ndfl_sum, geo_object_id) VALUES (11, '1200','1010', '1101', '200', '1300', '800', '200','400', '500', '100', '400', '200', '700','200', '200', '100', 11);
INSERT INTO geomap.budget_revenues(id, wealth_tax, wealth_tax_accrued, wealth_tax_received, wealth_tax_debt, land_tax,  land_tax_accrued, land_tax_received, land_tax_debt, rent, rent_accrued, rent_received, rent_debt, area_owners_objects, area_own_obj_ndfl, area_own_obj_ndfl_chan_own, ndfl_sum, geo_object_id) VALUES (12, '1200','1010', '1101', '200', '1300', '800', '200','400', '500', '100', '400', '200', '700','200', '200', '100', 12);
INSERT INTO geomap.budget_revenues(id, wealth_tax, wealth_tax_accrued, wealth_tax_received, wealth_tax_debt, land_tax,  land_tax_accrued, land_tax_received, land_tax_debt, rent, rent_accrued, rent_received, rent_debt, area_owners_objects, area_own_obj_ndfl, area_own_obj_ndfl_chan_own, ndfl_sum, geo_object_id) VALUES (13, '1200','1010', '1101', '200', '1300', '800', '200','400', '500', '100', '400', '200', '700','200', '200', '100', 13);
INSERT INTO geomap.budget_revenues(id, wealth_tax, wealth_tax_accrued, wealth_tax_received, wealth_tax_debt, land_tax,  land_tax_accrued, land_tax_received, land_tax_debt, rent, rent_accrued, rent_received, rent_debt, area_owners_objects, area_own_obj_ndfl, area_own_obj_ndfl_chan_own, ndfl_sum, geo_object_id) VALUES (14, '1200','1010', '1101', '200', '1300', '800', '200','400', '500', '100', '400', '200', '700','200', '200', '100', 14);
INSERT INTO geomap.budget_revenues(id, wealth_tax, wealth_tax_accrued, wealth_tax_received, wealth_tax_debt, land_tax,  land_tax_accrued, land_tax_received, land_tax_debt, rent, rent_accrued, rent_received, rent_debt, area_owners_objects, area_own_obj_ndfl, area_own_obj_ndfl_chan_own, ndfl_sum, geo_object_id) VALUES (15, '1200','1010', '1101', '200', '1300', '800', '200','400', '500', '100', '400', '200', '700','200', '200', '100', 15);
INSERT INTO geomap.budget_revenues(id, wealth_tax, wealth_tax_accrued, wealth_tax_received, wealth_tax_debt, land_tax,  land_tax_accrued, land_tax_received, land_tax_debt, rent, rent_accrued, rent_received, rent_debt, area_owners_objects, area_own_obj_ndfl, area_own_obj_ndfl_chan_own, ndfl_sum, geo_object_id) VALUES (16, '1200','1010', '1101', '200', '1300', '800', '200','400', '500', '100', '400', '200', '700','200', '200', '100', 16);
INSERT INTO geomap.budget_revenues(id, wealth_tax, wealth_tax_accrued, wealth_tax_received, wealth_tax_debt, land_tax,  land_tax_accrued, land_tax_received, land_tax_debt, rent, rent_accrued, rent_received, rent_debt, area_owners_objects, area_own_obj_ndfl, area_own_obj_ndfl_chan_own, ndfl_sum, geo_object_id) VALUES (17, '1200','1010', '1101', '200', '1300', '800', '200','400', '500', '100', '400', '200', '700','200', '200', '100', 17);
INSERT INTO geomap.budget_revenues(id, wealth_tax, wealth_tax_accrued, wealth_tax_received, wealth_tax_debt, land_tax,  land_tax_accrued, land_tax_received, land_tax_debt, rent, rent_accrued, rent_received, rent_debt, area_owners_objects, area_own_obj_ndfl, area_own_obj_ndfl_chan_own, ndfl_sum, geo_object_id) VALUES (18, '1200','1010', '1101', '200', '1300', '800', '200','400', '500', '100', '400', '200', '700','200', '200', '100', 18);
INSERT INTO geomap.budget_revenues(id, wealth_tax, wealth_tax_accrued, wealth_tax_received, wealth_tax_debt, land_tax,  land_tax_accrued, land_tax_received, land_tax_debt, rent, rent_accrued, rent_received, rent_debt, area_owners_objects, area_own_obj_ndfl, area_own_obj_ndfl_chan_own, ndfl_sum, geo_object_id) VALUES (19, '1200','1010', '1101', '200', '1300', '800', '200','400', '500', '100', '400', '200', '700','200', '200', '100', 19);
INSERT INTO geomap.budget_revenues(id, wealth_tax, wealth_tax_accrued, wealth_tax_received, wealth_tax_debt, land_tax,  land_tax_accrued, land_tax_received, land_tax_debt, rent, rent_accrued, rent_received, rent_debt, area_owners_objects, area_own_obj_ndfl, area_own_obj_ndfl_chan_own, ndfl_sum, geo_object_id) VALUES (20, '1200','1010', '1101', '200', '1300', '800', '200','400', '500', '100', '400', '200', '700','200', '200', '100', 20);
INSERT INTO geomap.budget_revenues(id, wealth_tax, wealth_tax_accrued, wealth_tax_received, wealth_tax_debt, land_tax,  land_tax_accrued, land_tax_received, land_tax_debt, rent, rent_accrued, rent_received, rent_debt, area_owners_objects, area_own_obj_ndfl, area_own_obj_ndfl_chan_own, ndfl_sum, geo_object_id) VALUES (21, '1200','1011', '1141', '220', '1350', '850', '500','500', '900', '100', '400', '200', '700','900', '200', '600', 21);
INSERT INTO geomap.budget_revenues(id, wealth_tax, wealth_tax_accrued, wealth_tax_received, wealth_tax_debt, land_tax,  land_tax_accrued, land_tax_received, land_tax_debt, rent, rent_accrued, rent_received, rent_debt, area_owners_objects, area_own_obj_ndfl, area_own_obj_ndfl_chan_own, ndfl_sum, geo_object_id) VALUES (22, '1200','1011', '1141', '220', '1350', '850', '500','500', '900', '100', '400', '200', '700','900', '200', '600', 22);
INSERT INTO geomap.budget_revenues(id, wealth_tax, wealth_tax_accrued, wealth_tax_received, wealth_tax_debt, land_tax,  land_tax_accrued, land_tax_received, land_tax_debt, rent, rent_accrued, rent_received, rent_debt, area_owners_objects, area_own_obj_ndfl, area_own_obj_ndfl_chan_own, ndfl_sum, geo_object_id) VALUES (23, '1200','1011', '1141', '220', '1350', '850', '500','500', '900', '100', '400', '200', '700','900', '200', '600', 23);
INSERT INTO geomap.budget_revenues(id, wealth_tax, wealth_tax_accrued, wealth_tax_received, wealth_tax_debt, land_tax,  land_tax_accrued, land_tax_received, land_tax_debt, rent, rent_accrued, rent_received, rent_debt, area_owners_objects, area_own_obj_ndfl, area_own_obj_ndfl_chan_own, ndfl_sum, geo_object_id) VALUES (24,'1200','1011', '1141', '220', '1350', '850', '500','500', '900', '100', '400', '200', '700','900', '200', '600', 24);
INSERT INTO geomap.budget_revenues(id, wealth_tax, wealth_tax_accrued, wealth_tax_received, wealth_tax_debt, land_tax,  land_tax_accrued, land_tax_received, land_tax_debt, rent, rent_accrued, rent_received, rent_debt, area_owners_objects, area_own_obj_ndfl, area_own_obj_ndfl_chan_own, ndfl_sum, geo_object_id) VALUES (25,'1200','1011', '1141', '220', '1350', '850', '500','500', '900', '100', '400', '200', '700','900', '200', '600', 25);
INSERT INTO geomap.budget_revenues(id, wealth_tax, wealth_tax_accrued, wealth_tax_received, wealth_tax_debt, land_tax,  land_tax_accrued, land_tax_received, land_tax_debt, rent, rent_accrued, rent_received, rent_debt, area_owners_objects, area_own_obj_ndfl, area_own_obj_ndfl_chan_own, ndfl_sum, geo_object_id) VALUES (26, '1200','1011', '1141', '220', '1350', '850', '500','500', '900', '100', '400', '200', '700','900', '200', '600', 26);
INSERT INTO geomap.budget_revenues(id, wealth_tax, wealth_tax_accrued, wealth_tax_received, wealth_tax_debt, land_tax,  land_tax_accrued, land_tax_received, land_tax_debt, rent, rent_accrued, rent_received, rent_debt, area_owners_objects, area_own_obj_ndfl, area_own_obj_ndfl_chan_own, ndfl_sum, geo_object_id) VALUES (27, '1200','1011', '1141', '220', '1350', '850', '500','500', '900', '100', '400', '200', '700','900', '200', '600', 27);
INSERT INTO geomap.budget_revenues(id, wealth_tax, wealth_tax_accrued, wealth_tax_received, wealth_tax_debt, land_tax,  land_tax_accrued, land_tax_received, land_tax_debt, rent, rent_accrued, rent_received, rent_debt, area_owners_objects, area_own_obj_ndfl, area_own_obj_ndfl_chan_own, ndfl_sum, geo_object_id) VALUES (28, '1200','1011', '1141', '220', '1350', '850', '500','500', '900', '100', '400', '200', '700','900', '200', '600', 28);
INSERT INTO geomap.budget_revenues(id, wealth_tax, wealth_tax_accrued, wealth_tax_received, wealth_tax_debt, land_tax,  land_tax_accrued, land_tax_received, land_tax_debt, rent, rent_accrued, rent_received, rent_debt, area_owners_objects, area_own_obj_ndfl, area_own_obj_ndfl_chan_own, ndfl_sum, geo_object_id) VALUES (29, '1200','1011', '1141', '220', '1350', '850', '500','500', '900', '100', '400', '200', '700','900', '200', '600', 29);

INSERT INTO geomap.budget_revenues(id, wealth_tax, wealth_tax_accrued, wealth_tax_received, wealth_tax_debt, land_tax,  land_tax_accrued, land_tax_received, land_tax_debt, rent, rent_accrued, rent_received, rent_debt, area_owners_objects, area_own_obj_ndfl, area_own_obj_ndfl_chan_own, ndfl_sum, geo_object_id) VALUES (1000, '1200','1000', '1100', '100', '1200', '700', '300','500', '600', '300', '400', '200', '700','200', '200', '100', 1000);
INSERT INTO geomap.budget_revenues(id, wealth_tax, wealth_tax_accrued, wealth_tax_received, wealth_tax_debt, land_tax,  land_tax_accrued, land_tax_received, land_tax_debt, rent, rent_accrued, rent_received, rent_debt, area_owners_objects, area_own_obj_ndfl, area_own_obj_ndfl_chan_own, ndfl_sum, geo_object_id) VALUES (1001, '1200','1000', '1100', '100', '1200', '700', '300','500', '600', '300', '400', '200', '700','200', '200', '100', 1001);
INSERT INTO geomap.budget_revenues(id, wealth_tax, wealth_tax_accrued, wealth_tax_received, wealth_tax_debt, land_tax,  land_tax_accrued, land_tax_received, land_tax_debt, rent, rent_accrued, rent_received, rent_debt, area_owners_objects, area_own_obj_ndfl, area_own_obj_ndfl_chan_own, ndfl_sum, geo_object_id) VALUES (1002, '1200','1000', '1100', '100', '1200', '700', '300','500', '600', '300', '400', '200', '700','200', '200', '100', 1002);
INSERT INTO geomap.budget_revenues(id, wealth_tax, wealth_tax_accrued, wealth_tax_received, wealth_tax_debt, land_tax,  land_tax_accrued, land_tax_received, land_tax_debt, rent, rent_accrued, rent_received, rent_debt, area_owners_objects, area_own_obj_ndfl, area_own_obj_ndfl_chan_own, ndfl_sum, geo_object_id) VALUES (1003, '1200','1000', '1100', '100', '1200', '700', '300','500', '600', '300', '400', '200', '700','200', '200', '100', 1003);
INSERT INTO geomap.budget_revenues(id, wealth_tax, wealth_tax_accrued, wealth_tax_received, wealth_tax_debt, land_tax,  land_tax_accrued, land_tax_received, land_tax_debt, rent, rent_accrued, rent_received, rent_debt, area_owners_objects, area_own_obj_ndfl, area_own_obj_ndfl_chan_own, ndfl_sum, geo_object_id) VALUES (1004, '1200','1000', '1100', '100', '1200', '700', '300','500', '600', '300', '400', '200', '700','200', '200', '100', 1004);
INSERT INTO geomap.budget_revenues(id, wealth_tax, wealth_tax_accrued, wealth_tax_received, wealth_tax_debt, land_tax,  land_tax_accrued, land_tax_received, land_tax_debt, rent, rent_accrued, rent_received, rent_debt, area_owners_objects, area_own_obj_ndfl, area_own_obj_ndfl_chan_own, ndfl_sum, geo_object_id) VALUES (1005, '1200','1000', '1100', '100', '1200', '700', '300','500', '600', '300', '400', '200', '700','200', '200', '100', 1005);
INSERT INTO geomap.budget_revenues(id, wealth_tax, wealth_tax_accrued, wealth_tax_received, wealth_tax_debt, land_tax,  land_tax_accrued, land_tax_received, land_tax_debt, rent, rent_accrued, rent_received, rent_debt, area_owners_objects, area_own_obj_ndfl, area_own_obj_ndfl_chan_own, ndfl_sum, geo_object_id) VALUES (1006, '1200','1000', '1100', '100', '1200', '700', '300','500', '600', '300', '400', '200', '700','200', '200', '100', 1006);
INSERT INTO geomap.budget_revenues(id, wealth_tax, wealth_tax_accrued, wealth_tax_received, wealth_tax_debt, land_tax,  land_tax_accrued, land_tax_received, land_tax_debt, rent, rent_accrued, rent_received, rent_debt, area_owners_objects, area_own_obj_ndfl, area_own_obj_ndfl_chan_own, ndfl_sum, geo_object_id) VALUES (1007, '1200','1000', '1100', '100', '1200', '700', '300','500', '600', '300', '400', '200', '700','200', '200', '100', 1007);
INSERT INTO geomap.budget_revenues(id, wealth_tax, wealth_tax_accrued, wealth_tax_received, wealth_tax_debt, land_tax,  land_tax_accrued, land_tax_received, land_tax_debt, rent, rent_accrued, rent_received, rent_debt, area_owners_objects, area_own_obj_ndfl, area_own_obj_ndfl_chan_own, ndfl_sum, geo_object_id) VALUES (1008, '1200','1000', '1100', '100', '1200', '700', '300','500', '600', '300', '400', '200', '700','200', '200', '100', 1008);
INSERT INTO geomap.budget_revenues(id, wealth_tax, wealth_tax_accrued, wealth_tax_received, wealth_tax_debt, land_tax,  land_tax_accrued, land_tax_received, land_tax_debt, rent, rent_accrued, rent_received, rent_debt, area_owners_objects, area_own_obj_ndfl, area_own_obj_ndfl_chan_own, ndfl_sum, geo_object_id) VALUES (1009, '1200','1000', '1100', '100', '1200', '700', '300','500', '600', '300', '400', '200', '700','200', '200', '100', 1009);
INSERT INTO geomap.budget_revenues(id, wealth_tax, wealth_tax_accrued, wealth_tax_received, wealth_tax_debt, land_tax,  land_tax_accrued, land_tax_received, land_tax_debt, rent, rent_accrued, rent_received, rent_debt, area_owners_objects, area_own_obj_ndfl, area_own_obj_ndfl_chan_own, ndfl_sum, geo_object_id) VALUES (1010, '1200','1000', '1100', '100', '1200', '700', '300','500', '600', '300', '400', '200', '700','200', '200', '100', 1010);
INSERT INTO geomap.budget_revenues(id, wealth_tax, wealth_tax_accrued, wealth_tax_received, wealth_tax_debt, land_tax,  land_tax_accrued, land_tax_received, land_tax_debt, rent, rent_accrued, rent_received, rent_debt, area_owners_objects, area_own_obj_ndfl, area_own_obj_ndfl_chan_own, ndfl_sum, geo_object_id) VALUES (1011, '1200','1000', '1100', '100', '1200', '700', '300','500', '600', '300', '400', '200', '700','200', '200', '100', 1011);
INSERT INTO geomap.budget_revenues(id, wealth_tax, wealth_tax_accrued, wealth_tax_received, wealth_tax_debt, land_tax,  land_tax_accrued, land_tax_received, land_tax_debt, rent, rent_accrued, rent_received, rent_debt, area_owners_objects, area_own_obj_ndfl, area_own_obj_ndfl_chan_own, ndfl_sum, geo_object_id) VALUES (1012, '1200','1000', '1100', '100', '1200', '700', '300','500', '600', '300', '400', '200', '700','200', '200', '100', 1012);
INSERT INTO geomap.budget_revenues(id, wealth_tax, wealth_tax_accrued, wealth_tax_received, wealth_tax_debt, land_tax,  land_tax_accrued, land_tax_received, land_tax_debt, rent, rent_accrued, rent_received, rent_debt, area_owners_objects, area_own_obj_ndfl, area_own_obj_ndfl_chan_own, ndfl_sum, geo_object_id) VALUES (1013, '1200','1000', '1100', '100', '1200', '700', '300','500', '600', '300', '400', '200', '700','200', '200', '100', 1013);
INSERT INTO geomap.budget_revenues(id, wealth_tax, wealth_tax_accrued, wealth_tax_received, wealth_tax_debt, land_tax,  land_tax_accrued, land_tax_received, land_tax_debt, rent, rent_accrued, rent_received, rent_debt, area_owners_objects, area_own_obj_ndfl, area_own_obj_ndfl_chan_own, ndfl_sum, geo_object_id) VALUES (1014, '1200','1000', '1100', '100', '1200', '700', '300','500', '600', '300', '400', '200', '700','200', '200', '100', 1014);
INSERT INTO geomap.budget_revenues(id, wealth_tax, wealth_tax_accrued, wealth_tax_received, wealth_tax_debt, land_tax,  land_tax_accrued, land_tax_received, land_tax_debt, rent, rent_accrued, rent_received, rent_debt, area_owners_objects, area_own_obj_ndfl, area_own_obj_ndfl_chan_own, ndfl_sum, geo_object_id) VALUES (1015, '1200','1000', '1100', '100', '1200', '700', '300','500', '600', '300', '400', '200', '700','200', '200', '100', 1015);
INSERT INTO geomap.budget_revenues(id, wealth_tax, wealth_tax_accrued, wealth_tax_received, wealth_tax_debt, land_tax,  land_tax_accrued, land_tax_received, land_tax_debt, rent, rent_accrued, rent_received, rent_debt, area_owners_objects, area_own_obj_ndfl, area_own_obj_ndfl_chan_own, ndfl_sum, geo_object_id) VALUES (1016, '1200','1000', '1100', '100', '1200', '700', '300','500', '600', '300', '400', '200', '700','200', '200', '100', 1016);
INSERT INTO geomap.budget_revenues(id, wealth_tax, wealth_tax_accrued, wealth_tax_received, wealth_tax_debt, land_tax,  land_tax_accrued, land_tax_received, land_tax_debt, rent, rent_accrued, rent_received, rent_debt, area_owners_objects, area_own_obj_ndfl, area_own_obj_ndfl_chan_own, ndfl_sum, geo_object_id) VALUES (1017, '1200','1000', '1100', '100', '1200', '700', '300','500', '600', '300', '400', '200', '700','200', '200', '100', 1017);
INSERT INTO geomap.budget_revenues(id, wealth_tax, wealth_tax_accrued, wealth_tax_received, wealth_tax_debt, land_tax,  land_tax_accrued, land_tax_received, land_tax_debt, rent, rent_accrued, rent_received, rent_debt, area_owners_objects, area_own_obj_ndfl, area_own_obj_ndfl_chan_own, ndfl_sum, geo_object_id) VALUES (1018, '1200','1000', '1100', '100', '1200', '700', '300','500', '600', '300', '400', '200', '700','200', '200', '100', 1018);
INSERT INTO geomap.budget_revenues(id, wealth_tax, wealth_tax_accrued, wealth_tax_received, wealth_tax_debt, land_tax,  land_tax_accrued, land_tax_received, land_tax_debt, rent, rent_accrued, rent_received, rent_debt, area_owners_objects, area_own_obj_ndfl, area_own_obj_ndfl_chan_own, ndfl_sum, geo_object_id) VALUES (1019, '1200','1000', '1100', '100', '1200', '700', '300','500', '600', '300', '400', '200', '700','200', '200', '100', 1019);
INSERT INTO geomap.budget_revenues(id, wealth_tax, wealth_tax_accrued, wealth_tax_received, wealth_tax_debt, land_tax,  land_tax_accrued, land_tax_received, land_tax_debt, rent, rent_accrued, rent_received, rent_debt, area_owners_objects, area_own_obj_ndfl, area_own_obj_ndfl_chan_own, ndfl_sum, geo_object_id) VALUES (1020, '1200','1000', '1100', '100', '1200', '700', '300','500', '600', '300', '400', '200', '700','200', '200', '100', 1020);
INSERT INTO geomap.budget_revenues(id, wealth_tax, wealth_tax_accrued, wealth_tax_received, wealth_tax_debt, land_tax,  land_tax_accrued, land_tax_received, land_tax_debt, rent, rent_accrued, rent_received, rent_debt, area_owners_objects, area_own_obj_ndfl, area_own_obj_ndfl_chan_own, ndfl_sum, geo_object_id) VALUES (1021, '1200','1000', '1100', '100', '1200', '700', '300','500', '600', '300', '400', '200', '700','200', '200', '100', 1021);
INSERT INTO geomap.budget_revenues(id, wealth_tax, wealth_tax_accrued, wealth_tax_received, wealth_tax_debt, land_tax,  land_tax_accrued, land_tax_received, land_tax_debt, rent, rent_accrued, rent_received, rent_debt, area_owners_objects, area_own_obj_ndfl, area_own_obj_ndfl_chan_own, ndfl_sum, geo_object_id) VALUES (1022, '1200','1000', '1100', '100', '1200', '700', '300','500', '600', '300', '400', '200', '700','200', '200', '100', 1022);
INSERT INTO geomap.budget_revenues(id, wealth_tax, wealth_tax_accrued, wealth_tax_received, wealth_tax_debt, land_tax,  land_tax_accrued, land_tax_received, land_tax_debt, rent, rent_accrued, rent_received, rent_debt, area_owners_objects, area_own_obj_ndfl, area_own_obj_ndfl_chan_own, ndfl_sum, geo_object_id) VALUES (1023, '1200','1000', '1100', '100', '1200', '700', '300','500', '600', '300', '400', '200', '700','200', '200', '100', 1023);


INSERT INTO geomap.cost_evaluation(id, av_cad_val_build, av_cad_val_land, geo_object_id) VALUES (1, 200000, 600000, 1);
INSERT INTO geomap.cost_evaluation(id, av_cad_val_build, av_cad_val_land, geo_object_id) VALUES (2, 500000, 800000, 2);
INSERT INTO geomap.cost_evaluation(id, av_cad_val_build, av_cad_val_land, geo_object_id) VALUES (3, 600000, 960000, 3);
INSERT INTO geomap.cost_evaluation(id, av_cad_val_build, av_cad_val_land, geo_object_id) VALUES (4, 700000, 560000, 4);
INSERT INTO geomap.cost_evaluation(id, av_cad_val_build, av_cad_val_land, geo_object_id) VALUES (5, 800000, 530000, 5);
INSERT INTO geomap.cost_evaluation(id, av_cad_val_build, av_cad_val_land, geo_object_id) VALUES (6, 900000, 640000, 6);
INSERT INTO geomap.cost_evaluation(id, av_cad_val_build, av_cad_val_land, geo_object_id) VALUES (7, 910000, 950000, 7);
INSERT INTO geomap.cost_evaluation(id, av_cad_val_build, av_cad_val_land, geo_object_id) VALUES (8, 950000, 980000, 8);
INSERT INTO geomap.cost_evaluation(id, av_cad_val_build, av_cad_val_land, geo_object_id) VALUES (9, 250000, 930000, 9);
INSERT INTO geomap.cost_evaluation(id, av_cad_val_build, av_cad_val_land, geo_object_id) VALUES (10, 350000, 4600000, 10);
INSERT INTO geomap.cost_evaluation(id, av_cad_val_build, av_cad_val_land, geo_object_id) VALUES (11, 450000, 750000, 11);
INSERT INTO geomap.cost_evaluation(id, av_cad_val_build, av_cad_val_land, geo_object_id) VALUES (12, 550000, 600000, 12);
INSERT INTO geomap.cost_evaluation(id, av_cad_val_build, av_cad_val_land, geo_object_id) VALUES (13, 650000, 480000, 13);
INSERT INTO geomap.cost_evaluation(id, av_cad_val_build, av_cad_val_land, geo_object_id) VALUES (14 , 750000, 960000, 14);
INSERT INTO geomap.cost_evaluation(id, av_cad_val_build, av_cad_val_land, geo_object_id) VALUES (15, 950000, 630000, 15);
INSERT INTO geomap.cost_evaluation(id, av_cad_val_build, av_cad_val_land, geo_object_id) VALUES (16, 350000, 620000, 16);
INSERT INTO geomap.cost_evaluation(id, av_cad_val_build, av_cad_val_land, geo_object_id) VALUES (17, 560000, 790000, 17);
INSERT INTO geomap.cost_evaluation(id, av_cad_val_build, av_cad_val_land, geo_object_id) VALUES (18, 780000, 950000, 18);
INSERT INTO geomap.cost_evaluation(id, av_cad_val_build, av_cad_val_land, geo_object_id) VALUES (19, 880000, 970000, 19);
INSERT INTO geomap.cost_evaluation(id, av_cad_val_build, av_cad_val_land, geo_object_id) VALUES (20, 980000, 690000, 20);
INSERT INTO geomap.cost_evaluation(id, av_cad_val_build, av_cad_val_land, geo_object_id) VALUES (21, 987000, 662000, 21);
INSERT INTO geomap.cost_evaluation(id, av_cad_val_build, av_cad_val_land, geo_object_id) VALUES (22, 987000, 662000, 22);
INSERT INTO geomap.cost_evaluation(id, av_cad_val_build, av_cad_val_land, geo_object_id) VALUES (23, 987000, 662000, 23);
INSERT INTO geomap.cost_evaluation(id, av_cad_val_build, av_cad_val_land, geo_object_id) VALUES (24, 987000, 662000, 24);
INSERT INTO geomap.cost_evaluation(id, av_cad_val_build, av_cad_val_land, geo_object_id) VALUES (25, 987000, 662000, 25);
INSERT INTO geomap.cost_evaluation(id, av_cad_val_build, av_cad_val_land, geo_object_id) VALUES (26, 987000, 662000, 26);
INSERT INTO geomap.cost_evaluation(id, av_cad_val_build, av_cad_val_land, geo_object_id) VALUES (27, 987000, 662000, 27);
INSERT INTO geomap.cost_evaluation(id, av_cad_val_build, av_cad_val_land, geo_object_id) VALUES (28, 40000, 50000, 28);
INSERT INTO geomap.cost_evaluation(id, av_cad_val_build, av_cad_val_land, geo_object_id) VALUES (29, 40000, 50000, 29);





INSERT INTO geomap.cost_evaluation(id, av_cad_val_build, av_cad_val_land, geo_object_id) VALUES (1000, 200000, 600000, 1000);
INSERT INTO geomap.cost_evaluation(id, av_cad_val_build, av_cad_val_land, geo_object_id) VALUES (1001, 400000, 900000, 1001);
INSERT INTO geomap.cost_evaluation(id, av_cad_val_build, av_cad_val_land, geo_object_id) VALUES (1002, 100000, 400000, 1002);
INSERT INTO geomap.cost_evaluation(id, av_cad_val_build, av_cad_val_land, geo_object_id) VALUES (1003, 700000, 800000, 1003);
INSERT INTO geomap.cost_evaluation(id, av_cad_val_build, av_cad_val_land, geo_object_id) VALUES (1004, 300000, 900000, 1004);
INSERT INTO geomap.cost_evaluation(id, av_cad_val_build, av_cad_val_land, geo_object_id) VALUES (1005, 500000, 700000, 1005);
INSERT INTO geomap.cost_evaluation(id, av_cad_val_build, av_cad_val_land, geo_object_id) VALUES (1006, 200000, 800000, 1006);
INSERT INTO geomap.cost_evaluation(id, av_cad_val_build, av_cad_val_land, geo_object_id) VALUES (1007, 400000, 500000, 1007);
INSERT INTO geomap.cost_evaluation(id, av_cad_val_build, av_cad_val_land, geo_object_id) VALUES (1008, 600000, 900000, 1008);
INSERT INTO geomap.cost_evaluation(id, av_cad_val_build, av_cad_val_land, geo_object_id) VALUES (1009, 400000, 800000, 1009);
INSERT INTO geomap.cost_evaluation(id, av_cad_val_build, av_cad_val_land, geo_object_id) VALUES (1010, 500000, 700000, 1010);
INSERT INTO geomap.cost_evaluation(id, av_cad_val_build, av_cad_val_land, geo_object_id) VALUES (1011, 200000, 800000, 1011);
INSERT INTO geomap.cost_evaluation(id, av_cad_val_build, av_cad_val_land, geo_object_id) VALUES (1012, 400000, 500000, 1012);
INSERT INTO geomap.cost_evaluation(id, av_cad_val_build, av_cad_val_land, geo_object_id) VALUES (1013, 600000, 900000, 1013);
INSERT INTO geomap.cost_evaluation(id, av_cad_val_build, av_cad_val_land, geo_object_id) VALUES (1014, 400000, 800000, 1014);
INSERT INTO geomap.cost_evaluation(id, av_cad_val_build, av_cad_val_land, geo_object_id) VALUES (1015, 200000, 600000, 1015);
INSERT INTO geomap.cost_evaluation(id, av_cad_val_build, av_cad_val_land, geo_object_id) VALUES (1016, 400000, 900000, 1016);
INSERT INTO geomap.cost_evaluation(id, av_cad_val_build, av_cad_val_land, geo_object_id) VALUES (1017, 100000, 400000, 1017);
INSERT INTO geomap.cost_evaluation(id, av_cad_val_build, av_cad_val_land, geo_object_id) VALUES (1018, 700000, 800000, 1018);
INSERT INTO geomap.cost_evaluation(id, av_cad_val_build, av_cad_val_land, geo_object_id) VALUES (1019, 300000, 900000, 1019);
INSERT INTO geomap.cost_evaluation(id, av_cad_val_build, av_cad_val_land, geo_object_id) VALUES (1020, 500000, 700000, 1020);
INSERT INTO geomap.cost_evaluation(id, av_cad_val_build, av_cad_val_land, geo_object_id) VALUES (1021, 400000, 500000, 1021);
INSERT INTO geomap.cost_evaluation(id, av_cad_val_build, av_cad_val_land, geo_object_id) VALUES (1022, 600000, 900000, 1022);
INSERT INTO geomap.cost_evaluation(id, av_cad_val_build, av_cad_val_land, geo_object_id) VALUES (1023, 400000, 800000, 1023);


INSERT INTO geomap.cost_of_ownership(id, hot_water, cold_water, water_disp, heat_sys, electrosupply, gas_supply, utility_costs, wealth_tax, land_tax, rent, geo_object_id) VALUES (1, 110, 60, 35, 150, 70, 620, 1250, 850, 550, 880, 1);
INSERT INTO geomap.cost_of_ownership(id, hot_water, cold_water, water_disp, heat_sys, electrosupply, gas_supply, utility_costs, wealth_tax, land_tax, rent, geo_object_id) VALUES (2, 110, 60, 35, 150, 70, 620, 1250, 850, 550, 880, 2);
INSERT INTO geomap.cost_of_ownership(id, hot_water, cold_water, water_disp, heat_sys, electrosupply, gas_supply, utility_costs, wealth_tax, land_tax, rent, geo_object_id) VALUES (3, 110, 60, 35, 150, 70, 620, 1250, 850, 550, 880, 3);
INSERT INTO geomap.cost_of_ownership(id, hot_water, cold_water, water_disp, heat_sys, electrosupply, gas_supply, utility_costs, wealth_tax, land_tax, rent, geo_object_id) VALUES (4, 110, 60, 35, 150, 70, 620, 1250, 850, 550, 880, 4);
INSERT INTO geomap.cost_of_ownership(id, hot_water, cold_water, water_disp, heat_sys, electrosupply, gas_supply, utility_costs, wealth_tax, land_tax, rent, geo_object_id) VALUES (5, 110, 60, 35, 150, 70, 620, 1250, 850, 550, 880, 5);
INSERT INTO geomap.cost_of_ownership(id, hot_water, cold_water, water_disp, heat_sys, electrosupply, gas_supply, utility_costs, wealth_tax, land_tax, rent, geo_object_id) VALUES (6, 110, 60, 35, 150, 70, 620, 1250, 850, 550, 880, 6);
INSERT INTO geomap.cost_of_ownership(id, hot_water, cold_water, water_disp, heat_sys, electrosupply, gas_supply, utility_costs, wealth_tax, land_tax, rent, geo_object_id) VALUES (7, 110, 60, 35, 150, 70, 620, 1250, 850, 550, 880, 7);
INSERT INTO geomap.cost_of_ownership(id, hot_water, cold_water, water_disp, heat_sys, electrosupply, gas_supply, utility_costs, wealth_tax, land_tax, rent, geo_object_id) VALUES (8, 110, 60, 35, 150, 70, 620, 1250, 850, 550, 880, 8);
INSERT INTO geomap.cost_of_ownership(id, hot_water, cold_water, water_disp, heat_sys, electrosupply, gas_supply, utility_costs, wealth_tax, land_tax, rent, geo_object_id) VALUES (9, 110, 60, 35, 150, 70, 620, 1250, 850, 550, 880, 9);
INSERT INTO geomap.cost_of_ownership(id, hot_water, cold_water, water_disp, heat_sys, electrosupply, gas_supply, utility_costs, wealth_tax, land_tax, rent, geo_object_id) VALUES (10, 110, 60, 35, 150, 70, 620, 1250, 850, 550, 880, 10);
INSERT INTO geomap.cost_of_ownership(id, hot_water, cold_water, water_disp, heat_sys, electrosupply, gas_supply, utility_costs, wealth_tax, land_tax, rent, geo_object_id) VALUES (11, 110, 60, 35, 150, 70, 620, 1250, 850, 550, 880, 11);
INSERT INTO geomap.cost_of_ownership(id, hot_water, cold_water, water_disp, heat_sys, electrosupply, gas_supply, utility_costs, wealth_tax, land_tax, rent, geo_object_id) VALUES (12, 110, 60, 35, 150, 70, 620, 1250, 850, 550, 880, 12);
INSERT INTO geomap.cost_of_ownership(id, hot_water, cold_water, water_disp, heat_sys, electrosupply, gas_supply, utility_costs, wealth_tax, land_tax, rent, geo_object_id) VALUES (13, 110, 60, 35, 150, 70, 620, 1250, 850, 550, 880, 13);
INSERT INTO geomap.cost_of_ownership(id, hot_water, cold_water, water_disp, heat_sys, electrosupply, gas_supply, utility_costs, wealth_tax, land_tax, rent, geo_object_id) VALUES (14, 110, 60, 35, 150, 70, 620, 1250, 850, 550, 880, 14);
INSERT INTO geomap.cost_of_ownership(id, hot_water, cold_water, water_disp, heat_sys, electrosupply, gas_supply, utility_costs, wealth_tax, land_tax, rent, geo_object_id) VALUES (15, 110, 60, 35, 150, 70, 620, 1250, 850, 550, 880, 15);
INSERT INTO geomap.cost_of_ownership(id, hot_water, cold_water, water_disp, heat_sys, electrosupply, gas_supply, utility_costs, wealth_tax, land_tax, rent, geo_object_id) VALUES (16, 110, 60, 35, 150, 70, 620, 1250, 850, 550, 880, 16);
INSERT INTO geomap.cost_of_ownership(id, hot_water, cold_water, water_disp, heat_sys, electrosupply, gas_supply, utility_costs, wealth_tax, land_tax, rent, geo_object_id) VALUES (17, 110, 60, 35, 150, 70, 620, 1250, 850, 550, 880, 17);
INSERT INTO geomap.cost_of_ownership(id, hot_water, cold_water, water_disp, heat_sys, electrosupply, gas_supply, utility_costs, wealth_tax, land_tax, rent, geo_object_id) VALUES (18, 110, 60, 35, 150, 70, 620, 1250, 850, 550, 880, 18);
INSERT INTO geomap.cost_of_ownership(id, hot_water, cold_water, water_disp, heat_sys, electrosupply, gas_supply, utility_costs, wealth_tax, land_tax, rent, geo_object_id) VALUES (19, 110, 60, 35, 150, 70, 620, 1250, 850, 550, 880, 19);
INSERT INTO geomap.cost_of_ownership(id, hot_water, cold_water, water_disp, heat_sys, electrosupply, gas_supply, utility_costs, wealth_tax, land_tax, rent, geo_object_id) VALUES (20, 110, 60, 35, 150, 70, 620, 1250, 850, 550, 880, 20);
INSERT INTO geomap.cost_of_ownership(id, hot_water, cold_water, water_disp, heat_sys, electrosupply, gas_supply, utility_costs, wealth_tax, land_tax, rent, geo_object_id) VALUES (21, 110, 60, 35, 150, 70, 620, 1250, 850, 550, 880, 21);
INSERT INTO geomap.cost_of_ownership(id, hot_water, cold_water, water_disp, heat_sys, electrosupply, gas_supply, utility_costs, wealth_tax, land_tax, rent, geo_object_id) VALUES (22, 110, 60, 35, 150, 70, 620, 1250, 850, 550, 880, 22);
INSERT INTO geomap.cost_of_ownership(id, hot_water, cold_water, water_disp, heat_sys, electrosupply, gas_supply, utility_costs, wealth_tax, land_tax, rent, geo_object_id) VALUES (23, 110, 60, 35, 150, 70, 620, 1250, 850, 550, 880, 23);
INSERT INTO geomap.cost_of_ownership(id, hot_water, cold_water, water_disp, heat_sys, electrosupply, gas_supply, utility_costs, wealth_tax, land_tax, rent, geo_object_id) VALUES (24, 110, 60, 35, 150, 70, 620, 1250, 850, 550, 880, 24);
INSERT INTO geomap.cost_of_ownership(id, hot_water, cold_water, water_disp, heat_sys, electrosupply, gas_supply, utility_costs, wealth_tax, land_tax, rent, geo_object_id) VALUES (25, 110, 60, 35, 150, 70, 620, 1250, 850, 550, 880, 25);
INSERT INTO geomap.cost_of_ownership(id, hot_water, cold_water, water_disp, heat_sys, electrosupply, gas_supply, utility_costs, wealth_tax, land_tax, rent, geo_object_id) VALUES (26, 110, 60, 35, 150, 70, 620, 1250, 850, 550, 880, 26);
INSERT INTO geomap.cost_of_ownership(id, hot_water, cold_water, water_disp, heat_sys, electrosupply, gas_supply, utility_costs, wealth_tax, land_tax, rent, geo_object_id) VALUES (27, 110, 60, 35, 150, 70, 620, 1250, 850, 550, 880, 27);
INSERT INTO geomap.cost_of_ownership(id, hot_water, cold_water, water_disp, heat_sys, electrosupply, gas_supply, utility_costs, wealth_tax, land_tax, rent, geo_object_id) VALUES (28, 110, 60, 35, 150, 70, 620, 1250, 850, 550, 880, 28);
INSERT INTO geomap.cost_of_ownership(id, hot_water, cold_water, water_disp, heat_sys, electrosupply, gas_supply, utility_costs, wealth_tax, land_tax, rent, geo_object_id) VALUES (29, 110, 60, 35, 150, 70, 620, 1250, 850, 550, 880, 29);

INSERT INTO geomap.cost_of_ownership(id, hot_water, cold_water, water_disp, heat_sys, electrosupply, gas_supply, utility_costs, wealth_tax, land_tax, rent, geo_object_id) VALUES (1000, 110, 60, 35, 150, 70, 620, 1250, 850, 550, 880, 1000);
INSERT INTO geomap.cost_of_ownership(id, hot_water, cold_water, water_disp, heat_sys, electrosupply, gas_supply, utility_costs, wealth_tax, land_tax, rent, geo_object_id) VALUES (1001, 110, 60, 35, 150, 70, 620, 1250, 850, 550, 880, 1001);
INSERT INTO geomap.cost_of_ownership(id, hot_water, cold_water, water_disp, heat_sys, electrosupply, gas_supply, utility_costs, wealth_tax, land_tax, rent, geo_object_id) VALUES (1002, 110, 60, 35, 150, 70, 620, 1250, 850, 550, 880, 1002);
INSERT INTO geomap.cost_of_ownership(id, hot_water, cold_water, water_disp, heat_sys, electrosupply, gas_supply, utility_costs, wealth_tax, land_tax, rent, geo_object_id) VALUES (1003, 110, 60, 35, 150, 70, 620, 1250, 850, 550, 880, 1003);
INSERT INTO geomap.cost_of_ownership(id, hot_water, cold_water, water_disp, heat_sys, electrosupply, gas_supply, utility_costs, wealth_tax, land_tax, rent, geo_object_id) VALUES (1004, 110, 60, 35, 150, 70, 620, 1250, 850, 550, 880, 1004);
INSERT INTO geomap.cost_of_ownership(id, hot_water, cold_water, water_disp, heat_sys, electrosupply, gas_supply, utility_costs, wealth_tax, land_tax, rent, geo_object_id) VALUES (1005, 110, 60, 35, 150, 70, 620, 1250, 850, 550, 880, 1005);
INSERT INTO geomap.cost_of_ownership(id, hot_water, cold_water, water_disp, heat_sys, electrosupply, gas_supply, utility_costs, wealth_tax, land_tax, rent, geo_object_id) VALUES (1006, 110, 60, 35, 150, 70, 620, 1250, 850, 550, 880, 1006);
INSERT INTO geomap.cost_of_ownership(id, hot_water, cold_water, water_disp, heat_sys, electrosupply, gas_supply, utility_costs, wealth_tax, land_tax, rent, geo_object_id) VALUES (1007, 110, 60, 35, 150, 70, 620, 1250, 850, 550, 880, 1007);
INSERT INTO geomap.cost_of_ownership(id, hot_water, cold_water, water_disp, heat_sys, electrosupply, gas_supply, utility_costs, wealth_tax, land_tax, rent, geo_object_id) VALUES (1008, 110, 60, 35, 150, 70, 620, 1250, 850, 550, 880, 1008);
INSERT INTO geomap.cost_of_ownership(id, hot_water, cold_water, water_disp, heat_sys, electrosupply, gas_supply, utility_costs, wealth_tax, land_tax, rent, geo_object_id) VALUES (1009, 110, 60, 35, 150, 70, 620, 1250, 850, 550, 880, 1009);
INSERT INTO geomap.cost_of_ownership(id, hot_water, cold_water, water_disp, heat_sys, electrosupply, gas_supply, utility_costs, wealth_tax, land_tax, rent, geo_object_id) VALUES (1010, 110, 60, 35, 150, 70, 620, 1250, 850, 550, 880, 1010);
INSERT INTO geomap.cost_of_ownership(id, hot_water, cold_water, water_disp, heat_sys, electrosupply, gas_supply, utility_costs, wealth_tax, land_tax, rent, geo_object_id) VALUES (1011, 110, 60, 35, 150, 70, 620, 1250, 850, 550, 880, 1011);
INSERT INTO geomap.cost_of_ownership(id, hot_water, cold_water, water_disp, heat_sys, electrosupply, gas_supply, utility_costs, wealth_tax, land_tax, rent, geo_object_id) VALUES (1012, 110, 60, 35, 150, 70, 620, 1250, 850, 550, 880, 1012);
INSERT INTO geomap.cost_of_ownership(id, hot_water, cold_water, water_disp, heat_sys, electrosupply, gas_supply, utility_costs, wealth_tax, land_tax, rent, geo_object_id) VALUES (1013, 110, 60, 35, 150, 70, 620, 1250, 850, 550, 880, 1013);
INSERT INTO geomap.cost_of_ownership(id, hot_water, cold_water, water_disp, heat_sys, electrosupply, gas_supply, utility_costs, wealth_tax, land_tax, rent, geo_object_id) VALUES (1014, 110, 60, 35, 150, 70, 620, 1250, 850, 550, 880, 1014);
INSERT INTO geomap.cost_of_ownership(id, hot_water, cold_water, water_disp, heat_sys, electrosupply, gas_supply, utility_costs, wealth_tax, land_tax, rent, geo_object_id) VALUES (1015, 110, 60, 35, 150, 70, 620, 1250, 850, 550, 880, 1015);
INSERT INTO geomap.cost_of_ownership(id, hot_water, cold_water, water_disp, heat_sys, electrosupply, gas_supply, utility_costs, wealth_tax, land_tax, rent, geo_object_id) VALUES (1016, 110, 60, 35, 150, 70, 620, 1250, 850, 550, 880, 1016);
INSERT INTO geomap.cost_of_ownership(id, hot_water, cold_water, water_disp, heat_sys, electrosupply, gas_supply, utility_costs, wealth_tax, land_tax, rent, geo_object_id) VALUES (1017, 110, 60, 35, 150, 70, 620, 1250, 850, 550, 880, 1017);
INSERT INTO geomap.cost_of_ownership(id, hot_water, cold_water, water_disp, heat_sys, electrosupply, gas_supply, utility_costs, wealth_tax, land_tax, rent, geo_object_id) VALUES (1018, 110, 60, 35, 150, 70, 620, 1250, 850, 550, 880, 1018);
INSERT INTO geomap.cost_of_ownership(id, hot_water, cold_water, water_disp, heat_sys, electrosupply, gas_supply, utility_costs, wealth_tax, land_tax, rent, geo_object_id) VALUES (1019, 110, 60, 35, 150, 70, 620, 1250, 850, 550, 880, 1019);
INSERT INTO geomap.cost_of_ownership(id, hot_water, cold_water, water_disp, heat_sys, electrosupply, gas_supply, utility_costs, wealth_tax, land_tax, rent, geo_object_id) VALUES (1020, 110, 60, 35, 150, 70, 620, 1250, 850, 550, 880, 1020);
INSERT INTO geomap.cost_of_ownership(id, hot_water, cold_water, water_disp, heat_sys, electrosupply, gas_supply, utility_costs, wealth_tax, land_tax, rent, geo_object_id) VALUES (1021, 110, 60, 35, 150, 70, 620, 1250, 850, 550, 880, 1021);
INSERT INTO geomap.cost_of_ownership(id, hot_water, cold_water, water_disp, heat_sys, electrosupply, gas_supply, utility_costs, wealth_tax, land_tax, rent, geo_object_id) VALUES (1022, 110, 60, 35, 150, 70, 620, 1250, 850, 550, 880, 1022);
INSERT INTO geomap.cost_of_ownership(id, hot_water, cold_water, water_disp, heat_sys, electrosupply, gas_supply, utility_costs, wealth_tax, land_tax, rent, geo_object_id) VALUES (1023, 110, 60, 35, 150, 70, 620, 1250, 850, 550, 880, 1023);



INSERT INTO geomap.owner(id, permis_owner, geo_object_id) VALUES (1, 'Муниципальная собственность', 1);
INSERT INTO geomap.owner(id, permis_owner, geo_object_id) VALUES (2, 'Муниципальная собственность', 2);
INSERT INTO geomap.owner(id, permis_owner, geo_object_id) VALUES (3, 'Муниципальная собственность', 3);
INSERT INTO geomap.owner(id, permis_owner, geo_object_id) VALUES (4, 'Муниципальная собственность', 4);
INSERT INTO geomap.owner(id, permis_owner, geo_object_id) VALUES (5, 'Муниципальная собственность', 5);
INSERT INTO geomap.owner(id, permis_owner, geo_object_id) VALUES (6, 'Муниципальная собственность', 6);
INSERT INTO geomap.owner(id, permis_owner, geo_object_id) VALUES (7, 'Муниципальная собственность', 7);
INSERT INTO geomap.owner(id, permis_owner, geo_object_id) VALUES (8, 'Муниципальная собственность', 8);
INSERT INTO geomap.owner(id, permis_owner, geo_object_id) VALUES (9, 'Муниципальная собственность', 9);
INSERT INTO geomap.owner(id, permis_owner, geo_object_id) VALUES (10, 'Муниципальная собственность', 10);
INSERT INTO geomap.owner(id, permis_owner, geo_object_id) VALUES (11, 'Муниципальная собственность', 11);
INSERT INTO geomap.owner(id, permis_owner, geo_object_id) VALUES (12, 'Муниципальная собственность', 12);
INSERT INTO geomap.owner(id, permis_owner, geo_object_id) VALUES (13, 'Муниципальная собственность', 13);
INSERT INTO geomap.owner(id, permis_owner, geo_object_id) VALUES (14, 'Муниципальная собственность', 14);
INSERT INTO geomap.owner(id, permis_owner, geo_object_id) VALUES (15, 'Муниципальная собственность', 15);
INSERT INTO geomap.owner(id, permis_owner, geo_object_id) VALUES (16, 'Муниципальная собственность', 16);
INSERT INTO geomap.owner(id, permis_owner, geo_object_id) VALUES (17, 'Муниципальная собственность', 17);
INSERT INTO geomap.owner(id, permis_owner, geo_object_id) VALUES (18, 'Муниципальная собственность', 18);
INSERT INTO geomap.owner(id, permis_owner, geo_object_id) VALUES (19, 'Муниципальная собственность', 19);
INSERT INTO geomap.owner(id, permis_owner, geo_object_id) VALUES (20, 'Муниципальная собственность', 20);
INSERT INTO geomap.owner(id, permis_owner, geo_object_id) VALUES (21, 'Муниципальная собственность', 21);
INSERT INTO geomap.owner(id, permis_owner, geo_object_id) VALUES (22, 'Муниципальная собственность', 22);
INSERT INTO geomap.owner(id, permis_owner, geo_object_id) VALUES (23, 'Муниципальная собственность', 23);
INSERT INTO geomap.owner(id, permis_owner, geo_object_id) VALUES (24, 'Муниципальная собственность', 24);
INSERT INTO geomap.owner(id, permis_owner, geo_object_id) VALUES (25, 'Муниципальная собственность', 25);
INSERT INTO geomap.owner(id, permis_owner, geo_object_id) VALUES (26, 'Муниципальная собственность', 26);
INSERT INTO geomap.owner(id, permis_owner, geo_object_id) VALUES (27, 'Муниципальная собственность', 27);
INSERT INTO geomap.owner(id, permis_owner, geo_object_id) VALUES (28, 'Муниципальная собственность', 28);
INSERT INTO geomap.owner(id, permis_owner, geo_object_id) VALUES (29, 'Муниципальная собственность', 29);


INSERT INTO geomap.owner(id, permis_owner, geo_object_id) VALUES (1000, 'Муниципальная собственность', 1000);
INSERT INTO geomap.owner(id, permis_owner, geo_object_id) VALUES (1001, 'Муниципальная собственность', 1001);
INSERT INTO geomap.owner(id, permis_owner, geo_object_id) VALUES (1002, 'Муниципальная собственность', 1002);
INSERT INTO geomap.owner(id, permis_owner, geo_object_id) VALUES (1003, 'Муниципальная собственность', 1003);
INSERT INTO geomap.owner(id, permis_owner, geo_object_id) VALUES (1004, 'Муниципальная собственность', 1004);
INSERT INTO geomap.owner(id, permis_owner, geo_object_id) VALUES (1005, 'Муниципальная собственность', 1005);
INSERT INTO geomap.owner(id, permis_owner, geo_object_id) VALUES (1006, 'Муниципальная собственность', 1006);
INSERT INTO geomap.owner(id, permis_owner, geo_object_id) VALUES (1007, 'Муниципальная собственность', 1007);
INSERT INTO geomap.owner(id, permis_owner, geo_object_id) VALUES (1008, 'Муниципальная собственность', 1008);
INSERT INTO geomap.owner(id, permis_owner, geo_object_id) VALUES (1009, 'Муниципальная собственность', 1009);
INSERT INTO geomap.owner(id, permis_owner, geo_object_id) VALUES (1010, 'Муниципальная собственность', 1010);
INSERT INTO geomap.owner(id, permis_owner, geo_object_id) VALUES (1011, 'Муниципальная собственность', 1011);
INSERT INTO geomap.owner(id, permis_owner, geo_object_id) VALUES (1012, 'Муниципальная собственность', 1012);
INSERT INTO geomap.owner(id, permis_owner, geo_object_id) VALUES (1013, 'Муниципальная собственность', 1013);
INSERT INTO geomap.owner(id, permis_owner, geo_object_id) VALUES (1014, 'Муниципальная собственность', 1014);
INSERT INTO geomap.owner(id, permis_owner, geo_object_id) VALUES (1015, 'Муниципальная собственность', 1015);
INSERT INTO geomap.owner(id, permis_owner, geo_object_id) VALUES (1016, 'Муниципальная собственность', 1016);
INSERT INTO geomap.owner(id, permis_owner, geo_object_id) VALUES (1017, 'Муниципальная собственность', 1017);
INSERT INTO geomap.owner(id, permis_owner, geo_object_id) VALUES (1018, 'Муниципальная собственность', 1018);
INSERT INTO geomap.owner(id, permis_owner, geo_object_id) VALUES (1019, 'Муниципальная собственность', 1019);
INSERT INTO geomap.owner(id, permis_owner, geo_object_id) VALUES (1020, 'Муниципальная собственность', 1020);
INSERT INTO geomap.owner(id, permis_owner, geo_object_id) VALUES (1021, 'Муниципальная собственность', 1021);
INSERT INTO geomap.owner(id, permis_owner, geo_object_id) VALUES (1022, 'Муниципальная собственность', 1022);
INSERT INTO geomap.owner(id, permis_owner, geo_object_id) VALUES (1023, 'Муниципальная собственность', 1023);


INSERT INTO geomap.building_assignment(id, assignment, geo_object_id) VALUES (1, 'жилое', 1);
INSERT INTO geomap.building_assignment(id, assignment, geo_object_id) VALUES (2, 'жилое', 2);
INSERT INTO geomap.building_assignment(id, assignment, geo_object_id) VALUES (3, 'жилое', 3);
INSERT INTO geomap.building_assignment(id, assignment, geo_object_id) VALUES (4, 'нежилое', 4);
INSERT INTO geomap.building_assignment(id, assignment, geo_object_id) VALUES (5, 'нежилое', 5);
INSERT INTO geomap.building_assignment(id, assignment, geo_object_id) VALUES (6, 'нежилое', 6);
INSERT INTO geomap.building_assignment(id, assignment, geo_object_id) VALUES (7, 'нежилое', 7);
INSERT INTO geomap.building_assignment(id, assignment, geo_object_id) VALUES (8, 'жилое', 8);
INSERT INTO geomap.building_assignment(id, assignment, geo_object_id) VALUES (9, 'жилое', 9);
INSERT INTO geomap.building_assignment(id, assignment, geo_object_id) VALUES (10, 'жилое', 10);
INSERT INTO geomap.building_assignment(id, assignment, geo_object_id) VALUES (11, 'жилое', 11);
INSERT INTO geomap.building_assignment(id, assignment, geo_object_id) VALUES (12, 'жилое', 12);
INSERT INTO geomap.building_assignment(id, assignment, geo_object_id) VALUES (13, 'жилое', 13);
INSERT INTO geomap.building_assignment(id, assignment, geo_object_id) VALUES (14, 'жилое', 14);
INSERT INTO geomap.building_assignment(id, assignment, geo_object_id) VALUES (15, 'жилое', 15);
INSERT INTO geomap.building_assignment(id, assignment, geo_object_id) VALUES (16, 'жилое', 16);
INSERT INTO geomap.building_assignment(id, assignment, geo_object_id) VALUES (17, 'жилое', 17);
INSERT INTO geomap.building_assignment(id, assignment, geo_object_id) VALUES (18, 'жилое', 18);
INSERT INTO geomap.building_assignment(id, assignment, geo_object_id) VALUES (19, 'жилое', 19);
INSERT INTO geomap.building_assignment(id, assignment, geo_object_id) VALUES (20, 'жилое', 20);
INSERT INTO geomap.building_assignment(id, assignment, geo_object_id) VALUES (21, 'нежилое', 21);
INSERT INTO geomap.building_assignment(id, assignment, geo_object_id) VALUES (22, 'нежилое', 22);
INSERT INTO geomap.building_assignment(id, assignment, geo_object_id) VALUES (23, 'жилое', 23);
INSERT INTO geomap.building_assignment(id, assignment, geo_object_id) VALUES (24, 'нежилое', 24);
INSERT INTO geomap.building_assignment(id, assignment, geo_object_id) VALUES (25, 'нежилое', 25);
INSERT INTO geomap.building_assignment(id, assignment, geo_object_id) VALUES (26, 'нежилое', 26);
INSERT INTO geomap.building_assignment(id, assignment, geo_object_id) VALUES (27, 'нежилое', 27);
INSERT INTO geomap.building_assignment(id, assignment, geo_object_id) VALUES (28, 'нежилое', 28);
INSERT INTO geomap.building_assignment(id, assignment, geo_object_id) VALUES (29, 'нежилое', 29);


INSERT INTO geomap.building_assignment(id, assignment, geo_object_id) VALUES (1000, 'жилое', 1000);
INSERT INTO geomap.building_assignment(id, assignment, geo_object_id) VALUES (1001, 'жилое', 1001);
INSERT INTO geomap.building_assignment(id, assignment, geo_object_id) VALUES (1002, 'жилое', 1002);
INSERT INTO geomap.building_assignment(id, assignment, geo_object_id) VALUES (1003, 'жилое', 1003);
INSERT INTO geomap.building_assignment(id, assignment, geo_object_id) VALUES (1004, 'жилое', 1004);
INSERT INTO geomap.building_assignment(id, assignment, geo_object_id) VALUES (1005, 'жилое', 1005);
INSERT INTO geomap.building_assignment(id, assignment, geo_object_id) VALUES (1006, 'жилое', 1006);
INSERT INTO geomap.building_assignment(id, assignment, geo_object_id) VALUES (1007, 'жилое', 1007);
INSERT INTO geomap.building_assignment(id, assignment, geo_object_id) VALUES (1008, 'жилое', 1008);
INSERT INTO geomap.building_assignment(id, assignment, geo_object_id) VALUES (1009, 'жилое', 1009);
INSERT INTO geomap.building_assignment(id, assignment, geo_object_id) VALUES (1010, 'жилое', 1010);
INSERT INTO geomap.building_assignment(id, assignment, geo_object_id) VALUES (1011, 'жилое', 1011);
INSERT INTO geomap.building_assignment(id, assignment, geo_object_id) VALUES (1012, 'нежилое', 1012);
INSERT INTO geomap.building_assignment(id, assignment, geo_object_id) VALUES (1013, 'жилое', 1013);
INSERT INTO geomap.building_assignment(id, assignment, geo_object_id) VALUES (1014, 'жилое', 1014);
INSERT INTO geomap.building_assignment(id, assignment, geo_object_id) VALUES (1015, 'жилое', 1015);
INSERT INTO geomap.building_assignment(id, assignment, geo_object_id) VALUES (1016, 'нежилое', 1016);
INSERT INTO geomap.building_assignment(id, assignment, geo_object_id) VALUES (1017, 'жилое', 1017);
INSERT INTO geomap.building_assignment(id, assignment, geo_object_id) VALUES (1018, 'жилое', 1018);
INSERT INTO geomap.building_assignment(id, assignment, geo_object_id) VALUES (1019, 'жилое', 1019);
INSERT INTO geomap.building_assignment(id, assignment, geo_object_id) VALUES (1020, 'нежилое', 1020);
INSERT INTO geomap.building_assignment(id, assignment, geo_object_id) VALUES (1021, 'жилое', 1021);
INSERT INTO geomap.building_assignment(id, assignment, geo_object_id) VALUES (1022, 'жилое', 1022);
INSERT INTO geomap.building_assignment(id, assignment, geo_object_id) VALUES (1023, 'жилое', 1023);


INSERT INTO geomap.tech_charact(id, area, floor_num, geo_object_id) VALUES (1, '500', '7', 1);
INSERT INTO geomap.tech_charact(id, area, floor_num, geo_object_id) VALUES (2, '400', '8', 2);
INSERT INTO geomap.tech_charact(id, area, floor_num, geo_object_id) VALUES (3, '100', '7', 3);
INSERT INTO geomap.tech_charact(id, area, floor_num, geo_object_id) VALUES (4, '500', '5', 4);
INSERT INTO geomap.tech_charact(id, area, floor_num, geo_object_id) VALUES (5, '100', '7', 5);
INSERT INTO geomap.tech_charact(id, area, floor_num, geo_object_id) VALUES (6, '200', '7', 6);
INSERT INTO geomap.tech_charact(id, area, floor_num, geo_object_id) VALUES (7, '300', '7', 7);
INSERT INTO geomap.tech_charact(id, area, floor_num, geo_object_id) VALUES (8, '400', '7', 8);
INSERT INTO geomap.tech_charact(id, area, floor_num, geo_object_id) VALUES (9, '500', '7', 9);
INSERT INTO geomap.tech_charact(id, area, floor_num, geo_object_id) VALUES (10, '600', '7', 10);
INSERT INTO geomap.tech_charact(id, area, floor_num, geo_object_id) VALUES (11, '550', '7', 11);
INSERT INTO geomap.tech_charact(id, area, floor_num, geo_object_id) VALUES (12, '500', '7', 12);
INSERT INTO geomap.tech_charact(id, area, floor_num, geo_object_id) VALUES (13, '500', '7', 13);
INSERT INTO geomap.tech_charact(id, area, floor_num, geo_object_id) VALUES (14, '500', '17', 14);
INSERT INTO geomap.tech_charact(id, area, floor_num, geo_object_id) VALUES (15, '500', '7', 15);
INSERT INTO geomap.tech_charact(id, area, floor_num, geo_object_id) VALUES (16, '500', '7', 16);
INSERT INTO geomap.tech_charact(id, area, floor_num, geo_object_id) VALUES (17, '500', '7', 17);
INSERT INTO geomap.tech_charact(id, area, floor_num, geo_object_id) VALUES (18, '500', '7', 18);
INSERT INTO geomap.tech_charact(id, area, floor_num, geo_object_id) VALUES (19, '500', '7', 19);
INSERT INTO geomap.tech_charact(id, area, floor_num, geo_object_id) VALUES (20, '500', '7', 20);
INSERT INTO geomap.tech_charact(id, area, floor_num, geo_object_id) VALUES (21, '500', '7', 21);
INSERT INTO geomap.tech_charact(id, area, floor_num, geo_object_id) VALUES (22, '500', '7', 22);
INSERT INTO geomap.tech_charact(id, area, floor_num, geo_object_id) VALUES (23, '500', '7', 23);
INSERT INTO geomap.tech_charact(id, area, floor_num, geo_object_id) VALUES (24, '500', '7', 24);
INSERT INTO geomap.tech_charact(id, area, floor_num, geo_object_id) VALUES (25, '500', '7', 25);
INSERT INTO geomap.tech_charact(id, area, floor_num, geo_object_id) VALUES (26, '500', '7', 26);
INSERT INTO geomap.tech_charact(id, area, floor_num, geo_object_id) VALUES (27, '500', '7', 27);
INSERT INTO geomap.tech_charact(id, area, floor_num, geo_object_id) VALUES (28, '500', '7', 28);
INSERT INTO geomap.tech_charact(id, area, floor_num, geo_object_id) VALUES (29, '500', '7', 29);



INSERT INTO geomap.tech_charact(id, area, floor_num, geo_object_id) VALUES (1000, '500', '9', 1000);
INSERT INTO geomap.tech_charact(id, area, floor_num, geo_object_id) VALUES (1001, '300', '9', 1001);
INSERT INTO geomap.tech_charact(id, area, floor_num, geo_object_id) VALUES (1002, '400', '9', 1002);
INSERT INTO geomap.tech_charact(id, area, floor_num, geo_object_id) VALUES (1003, '800', '9', 1003);
INSERT INTO geomap.tech_charact(id, area, floor_num, geo_object_id) VALUES (1004, '900', '9', 1004);
INSERT INTO geomap.tech_charact(id, area, floor_num, geo_object_id) VALUES (1005, '500', '9', 1005);
INSERT INTO geomap.tech_charact(id, area, floor_num, geo_object_id) VALUES (1006, '700', '9', 1006);
INSERT INTO geomap.tech_charact(id, area, floor_num, geo_object_id) VALUES (1007, '500', '9', 1007);
INSERT INTO geomap.tech_charact(id, area, floor_num, geo_object_id) VALUES (1008, '600', '9', 1008);
INSERT INTO geomap.tech_charact(id, area, floor_num, geo_object_id) VALUES (1009, '500', '9', 1009);
INSERT INTO geomap.tech_charact(id, area, floor_num, geo_object_id) VALUES (1010, '500', '9', 1010);
INSERT INTO geomap.tech_charact(id, area, floor_num, geo_object_id) VALUES (1011, '500', '9', 1011);
INSERT INTO geomap.tech_charact(id, area, floor_num, geo_object_id) VALUES (1012, '500', '2', 1012);
INSERT INTO geomap.tech_charact(id, area, floor_num, geo_object_id) VALUES (1013, '500', '9', 1013);
INSERT INTO geomap.tech_charact(id, area, floor_num, geo_object_id) VALUES (1014, '500', '9', 1014);
INSERT INTO geomap.tech_charact(id, area, floor_num, geo_object_id) VALUES (1015, '500', '9', 1015);
INSERT INTO geomap.tech_charact(id, area, floor_num, geo_object_id) VALUES (1016, '500', '1', 1016);
INSERT INTO geomap.tech_charact(id, area, floor_num, geo_object_id) VALUES (1017, '500', '9', 1017);
INSERT INTO geomap.tech_charact(id, area, floor_num, geo_object_id) VALUES (1018, '500', '9', 1018);
INSERT INTO geomap.tech_charact(id, area, floor_num, geo_object_id) VALUES (1019, '500', '9', 1019);
INSERT INTO geomap.tech_charact(id, area, floor_num, geo_object_id) VALUES (1020, '500', '9', 1020);
INSERT INTO geomap.tech_charact(id, area, floor_num, geo_object_id) VALUES (1021, '500', '9', 1021);
INSERT INTO geomap.tech_charact(id, area, floor_num, geo_object_id) VALUES (1022, '500', '9', 1022);
INSERT INTO geomap.tech_charact(id, area, floor_num, geo_object_id) VALUES (1023, '500', '9', 1023);


INSERT INTO geomap.compliance_with_legislation(id, self_willed_build_doc_mismatch, geo_object_id) VALUES (1, TRUE, 1);
INSERT INTO geomap.compliance_with_legislation(id, land_reg_inactive, geo_object_id) VALUES (2, TRUE, 2);
INSERT INTO geomap.compliance_with_legislation(id, land_reg_build_at_not_formed_land, geo_object_id) VALUES (3, TRUE, 3);
INSERT INTO geomap.compliance_with_legislation(id, squatting_build_on_unpres_land, geo_object_id) VALUES (4, TRUE, 4);
INSERT INTO geomap.compliance_with_legislation(id, self_willed_build_doc_mismatch, geo_object_id) VALUES (5, TRUE, 5);
INSERT INTO geomap.compliance_with_legislation(id, squatting_build_on_unpres_land, geo_object_id) VALUES (6, TRUE, 6);
INSERT INTO geomap.compliance_with_legislation(id, inapp_maintenance, geo_object_id) VALUES (7, TRUE, 7);
INSERT INTO geomap.compliance_with_legislation(id, geo_object_id) VALUES (8, 8);
INSERT INTO geomap.compliance_with_legislation(id, geo_object_id, address_issues_incomplete) VALUES (9, 9, TRUE);
INSERT INTO geomap.compliance_with_legislation(id, geo_object_id) VALUES (10, 10);
INSERT INTO geomap.compliance_with_legislation(id, geo_object_id) VALUES (11, 11);
INSERT INTO geomap.compliance_with_legislation(id, geo_object_id) VALUES (12, 12);
INSERT INTO geomap.compliance_with_legislation(id, geo_object_id) VALUES (13, 13);
INSERT INTO geomap.compliance_with_legislation(id, geo_object_id) VALUES (14, 14);
INSERT INTO geomap.compliance_with_legislation(id, geo_object_id) VALUES (15, 15);
INSERT INTO geomap.compliance_with_legislation(id, geo_object_id) VALUES (16, 16);
INSERT INTO geomap.compliance_with_legislation(id, geo_object_id) VALUES (17, 17);
INSERT INTO geomap.compliance_with_legislation(id, geo_object_id) VALUES (18, 18);
INSERT INTO geomap.compliance_with_legislation(id, geo_object_id) VALUES (19, 19);
INSERT INTO geomap.compliance_with_legislation(id, geo_object_id) VALUES (20, 20);
INSERT INTO geomap.compliance_with_legislation(id, geo_object_id) VALUES (21, 21);
INSERT INTO geomap.compliance_with_legislation(id, geo_object_id) VALUES (22, 22);
INSERT INTO geomap.compliance_with_legislation(id, geo_object_id) VALUES (23, 23);
INSERT INTO geomap.compliance_with_legislation(id, geo_object_id) VALUES (24, 24);
INSERT INTO geomap.compliance_with_legislation(id, geo_object_id) VALUES (25, 25);
INSERT INTO geomap.compliance_with_legislation(id, geo_object_id) VALUES (26, 26);
INSERT INTO geomap.compliance_with_legislation(id, geo_object_id) VALUES (27, 27);
INSERT INTO geomap.compliance_with_legislation(id, time_excess, geo_object_id) VALUES (28, TRUE, 28);
INSERT INTO geomap.compliance_with_legislation(id, time_excess, geo_object_id) VALUES (29, TRUE, 29);

INSERT INTO geomap.compliance_with_legislation(id, geo_object_id) VALUES (1000, 1000);
INSERT INTO geomap.compliance_with_legislation(id, geo_object_id) VALUES (1001, 1001);
INSERT INTO geomap.compliance_with_legislation(id, geo_object_id) VALUES (1002, 1002);
INSERT INTO geomap.compliance_with_legislation(id, geo_object_id) VALUES (1003, 1003);
INSERT INTO geomap.compliance_with_legislation(id, geo_object_id) VALUES (1004, 1004);
INSERT INTO geomap.compliance_with_legislation(id, geo_object_id) VALUES (1005, 1005);
INSERT INTO geomap.compliance_with_legislation(id, geo_object_id) VALUES (1006, 1006);
INSERT INTO geomap.compliance_with_legislation(id, geo_object_id) VALUES (1007, 1007);
INSERT INTO geomap.compliance_with_legislation(id, geo_object_id) VALUES (1008, 1008);
INSERT INTO geomap.compliance_with_legislation(id, geo_object_id) VALUES (1009, 1009);
INSERT INTO geomap.compliance_with_legislation(id, geo_object_id) VALUES (1010, 1010);
INSERT INTO geomap.compliance_with_legislation(id, geo_object_id) VALUES (1011, 1011);
INSERT INTO geomap.compliance_with_legislation(id, geo_object_id, address_issues_incomplete) VALUES (1012, 1012, TRUE);
INSERT INTO geomap.compliance_with_legislation(id, geo_object_id) VALUES (1013, 1013);
INSERT INTO geomap.compliance_with_legislation(id, geo_object_id) VALUES (1014, 1014);
INSERT INTO geomap.compliance_with_legislation(id, geo_object_id) VALUES (1015, 1015);
INSERT INTO geomap.compliance_with_legislation(id, geo_object_id) VALUES (1016, 1016);
INSERT INTO geomap.compliance_with_legislation(id, geo_object_id) VALUES (1017, 1017);
INSERT INTO geomap.compliance_with_legislation(id, geo_object_id) VALUES (1018, 1018);
INSERT INTO geomap.compliance_with_legislation(id, geo_object_id) VALUES (1019, 1019);
INSERT INTO geomap.compliance_with_legislation(id, geo_object_id) VALUES (1020, 1020);
INSERT INTO geomap.compliance_with_legislation(id, geo_object_id) VALUES (1021, 1021);
INSERT INTO geomap.compliance_with_legislation(id, geo_object_id) VALUES (1022, 1022);
INSERT INTO geomap.compliance_with_legislation(id, geo_object_id) VALUES (1023, 1023);